period_date,feature,importance
2001-08-01,days_from_report,0.1940976083278656
2001-08-01,fcf,0.11540704220533371
2001-08-01,netinc,1.7684767246246338
2001-08-01,sector,3.0417256355285645
2001-08-01,marketcap,0.240992933511734
2001-08-01,netinc_prev_1,0.28879988193511963
2001-09-01,days_from_report,0.11511628329753876
2001-09-01,fcf,0.10123948007822037
2001-09-01,sector,2.8857600688934326
2001-09-01,marketcap,0.5975848436355591
2001-09-01,netinc_ratio_total,0.1236010417342186
2001-09-01,netinc_ratio_sector,0.11717258393764496
2001-09-01,current_60_d_r,0.5596328377723694
2001-10-01,netinc,0.6323015093803406
2001-10-01,sector,4.246281147003174
2001-10-01,marketcap,0.1532735377550125
2001-10-01,current_60_d_r,2.8157224655151367
2001-11-01,fcf,2.3135852813720703
2001-11-01,revenue,0.5569769144058228
2001-11-01,sector,1.8223795890808105
2001-11-01,marketcap,4.175400733947754
2001-11-01,netinc_ratio_total,6.150453090667725
2001-11-01,fcf_ratio_total,2.236168622970581
2001-11-01,fcf_ratio_sector,1.9915498495101929
2001-11-01,ep_diff_from_total,0.9798178672790527
2001-11-01,fcfp_diff_from_total,0.5781149864196777
2001-11-01,current_60_d_r,0.4788384437561035
2001-12-01,days_from_report,0.10153442621231079
2001-12-01,fcf,0.1024988517165184
2001-12-01,revenue,1.4229447841644287
2001-12-01,sector,2.901475667953491
2001-12-01,marketcap,0.6547080278396606
2001-12-01,fcf_ratio_total,0.8613455891609192
2001-12-01,fcf_ratio_sector,0.1150415763258934
2001-12-01,current_60_d_r,1.6053332090377808
2002-01-01,revenue,0.3694363236427307
2002-01-01,sector,3.9319369792938232
2002-01-01,marketcap,0.23921580612659454
2002-01-01,fcf_ratio_total,1.4629555940628052
2002-01-01,current_60_d_r,1.5542267560958862
2002-02-01,days_from_report,0.25443539023399353
2002-02-01,fcf,0.40417924523353577
2002-02-01,netinc,0.961139440536499
2002-02-01,revenue,1.2709790468215942
2002-02-01,sector,1.2254040241241455
2002-02-01,netinc_ratio_total,0.3027610182762146
2002-02-01,fcf_ratio_total,0.2122594714164734
2002-02-01,netinc_ratio_sector,1.0908938646316528
2002-02-01,fcf_ratio_sector,0.2596460282802582
2002-02-01,fcf_prev_1,0.5870274305343628
2002-02-01,ep_diff_from_total,0.1851765215396881
2002-02-01,current_60_d_r,1.7506228685379028
2002-03-01,netinc,1.6166846752166748
2002-03-01,sector,0.5356318950653076
2002-03-01,marketcap,0.11848516017198563
2002-03-01,fcf_ratio_total,0.4186141788959503
2002-03-01,ep_fcfp_add_sub_sector,1.0796499252319336
2002-03-01,current_60_d_r,12.79594612121582
2002-04-01,days_from_report,0.4263353645801544
2002-04-01,revenue,0.2067718803882599
2002-04-01,sector,0.3915252983570099
2002-04-01,marketcap,0.34149864315986633
2002-04-01,netinc_prev_1,0.22477519512176514
2002-04-01,fcf_prev_1,0.4708402454853058
2002-04-01,ep_fcfp_add_sub_sector,2.923252820968628
2002-04-01,current_60_d_r,3.6536829471588135
2002-05-01,netinc,1.3767322301864624
2002-05-01,marketcap,0.5038259625434875
2002-05-01,netinc_ratio_total,0.6525624394416809
2002-05-01,netinc_ratio_sector,1.429301142692566
2002-05-01,fcf_ratio_sector,0.10703158378601074
2002-05-01,netinc_prev_1,0.5006011724472046
2002-05-01,fcfp_diff_from_total,1.0812259912490845
2002-05-01,ep_fcfp_add_sub_sector,10.41357421875
2002-06-01,days_from_report,2.03562068939209
2002-06-01,fcf,0.4003075659275055
2002-06-01,netinc,0.2374628186225891
2002-06-01,fcf_ratio_total,0.4842434227466583
2002-06-01,fcf_ratio_sector,0.4865574836730957
2002-06-01,netinc_prev_1,0.24291300773620605
2002-06-01,fcfp_diff_from_total,1.7681961059570312
2002-06-01,ep_fcfp_add_sub_sector,3.462634325027466
2002-07-01,days_from_report,2.224560260772705
2002-07-01,fcf,1.8084371089935303
2002-07-01,revenue,0.729302704334259
2002-07-01,sector,2.3191819190979004
2002-07-01,fcf_ratio_total,1.7112802267074585
2002-07-01,netinc_ratio_sector,0.6134316921234131
2002-07-01,netinc_prev_1,0.13630788028240204
2002-07-01,ep_diff_from_total,0.6163382530212402
2002-07-01,fcfp_diff_from_total,1.7533283233642578
2002-07-01,ep_fcfp_add_sub_sector,0.6741740703582764
2002-07-01,current_60_d_r,3.0331838130950928
2002-08-01,fcf,1.1290415525436401
2002-08-01,netinc,0.8834047317504883
2002-08-01,revenue,0.5227569937705994
2002-08-01,sector,1.1278318166732788
2002-08-01,marketcap,0.6250250339508057
2002-08-01,fcf_ratio_total,0.9808884859085083
2002-08-01,fcf_ratio_sector,0.4188971519470215
2002-08-01,netinc_prev_1,0.5021582245826721
2002-08-01,fcfp_diff_from_total,0.8788920640945435
2002-08-01,current_60_d_r,2.2394611835479736
2002-09-01,days_from_report,1.3594030141830444
2002-09-01,fcf,0.6138946413993835
2002-09-01,netinc,1.145821452140808
2002-09-01,netinc_ratio_total,0.44472190737724304
2002-09-01,fcf_ratio_total,0.36095795035362244
2002-09-01,netinc_prev_1,0.3644152879714966
2002-09-01,current_60_d_r,1.492432713508606
2002-10-01,days_from_report,0.7222639918327332
2002-10-01,netinc,0.43867579102516174
2002-10-01,revenue,1.3851580619812012
2002-10-01,sector,3.2505722045898438
2002-10-01,marketcap,0.3140052258968353
2002-10-01,fcf_ratio_total,0.6159246563911438
2002-10-01,fcf_ratio_sector,0.8201694488525391
2002-10-01,netinc_prev_1,2.77229905128479
2002-10-01,fcf_prev_1,11.696648597717285
2002-10-01,ep_diff_from_total,0.1272149384021759
2002-10-01,ep_sector_diff_total,0.5864621996879578
2002-10-01,fcfp_diff_from_total,0.14618930220603943
2002-10-01,fcfp_sector_diff_total,1.4451087713241577
2002-10-01,ep_fcfp_add_sub_sector,0.4132206439971924
2002-10-01,current_60_d_r,0.5358832478523254
2002-11-01,days_from_report,0.8182854056358337
2002-11-01,fcf,0.6080337762832642
2002-11-01,netinc,0.44460371136665344
2002-11-01,revenue,1.2916498184204102
2002-11-01,sector,3.5018928050994873
2002-11-01,marketcap,0.5028859972953796
2002-11-01,netinc_ratio_total,0.5209279656410217
2002-11-01,fcf_ratio_total,0.346087247133255
2002-11-01,fcf_ratio_sector,0.48079514503479004
2002-11-01,netinc_prev_1,0.3540799021720886
2002-11-01,fcf_prev_1,2.239408016204834
2002-11-01,ep_diff_from_total,0.4686931371688843
2002-11-01,fcfp_diff_from_total,0.12519855797290802
2002-11-01,fcfp_sector_diff_total,2.2755203247070312
2002-11-01,ep_fcfp_add_sub_sector,0.7246736288070679
2002-11-01,current_60_d_r,0.25646501779556274
2002-12-01,days_from_report,0.4279182553291321
2002-12-01,netinc,0.6733894348144531
2002-12-01,revenue,0.4464363753795624
2002-12-01,sector,2.148486375808716
2002-12-01,marketcap,0.2606823742389679
2002-12-01,netinc_ratio_total,0.4228716492652893
2002-12-01,fcf_ratio_total,0.40621417760849
2002-12-01,netinc_ratio_sector,0.3521847426891327
2002-12-01,fcf_ratio_sector,0.4758185148239136
2002-12-01,fcf_prev_1,0.567832887172699
2002-12-01,ep_diff_from_total,0.5460235476493835
2002-12-01,fcfp_diff_from_total,0.22141435742378235
2002-12-01,fcfp_sector_diff_total,2.133943796157837
2002-12-01,ep_fcfp_add_sub_sector,0.2707746922969818
2002-12-01,current_60_d_r,0.18595658242702484
2003-01-01,fcf,1.287674069404602
2003-01-01,netinc,1.2004231214523315
2003-01-01,revenue,5.3762407302856445
2003-01-01,sector,0.9343872666358948
2003-01-01,marketcap,0.5348873734474182
2003-01-01,netinc_ratio_total,0.37499403953552246
2003-01-01,fcf_ratio_total,0.10205185413360596
2003-01-01,netinc_ratio_sector,1.5228157043457031
2003-01-01,fcf_ratio_sector,0.8284287452697754
2003-01-01,netinc_prev_1,3.443683624267578
2003-01-01,fcfp_diff_from_total,6.387465953826904
2003-01-01,current_60_d_r,0.8208500146865845
2003-02-01,fcf,1.6491224765777588
2003-02-01,netinc,0.7054920196533203
2003-02-01,marketcap,8.592916488647461
2003-02-01,fcf_ratio_total,3.7649455070495605
2003-02-01,fcf_ratio_sector,0.7655652761459351
2003-02-01,fcf_prev_1,0.8367772698402405
2003-02-01,ep_diff_from_total,0.6718473434448242
2003-02-01,fcfp_diff_from_total,1.4105074405670166
2003-02-01,current_60_d_r,3.5106942653656006
2003-03-01,netinc,2.9901509284973145
2003-03-01,revenue,1.7371174097061157
2003-03-01,sector,0.47715282440185547
2003-03-01,marketcap,4.105169773101807
2003-03-01,fcf_ratio_total,5.142552375793457
2003-03-01,fcf_ratio_sector,1.0098220109939575
2003-03-01,netinc_prev_1,0.9607435464859009
2003-03-01,fcf_prev_1,1.1431465148925781
2003-03-01,ep_diff_from_total,0.6407179832458496
2003-03-01,fcfp_sector_diff_total,3.070850133895874
2003-03-01,current_60_d_r,3.761352300643921
2003-04-01,days_from_report,0.4079367220401764
2003-04-01,netinc,0.666878342628479
2003-04-01,revenue,1.8802286386489868
2003-04-01,sector,2.901724100112915
2003-04-01,marketcap,1.894054889678955
2003-04-01,netinc_ratio_total,0.7779041528701782
2003-04-01,fcf_ratio_total,0.18162918090820312
2003-04-01,netinc_ratio_sector,1.2697913646697998
2003-04-01,fcf_ratio_sector,0.5083916187286377
2003-04-01,ep_diff_from_total,0.47121477127075195
2003-04-01,fcfp_diff_from_total,0.20050159096717834
2003-04-01,ep_fcfp_add_sub_sector,0.2324184626340866
2003-04-01,current_60_d_r,0.3718580901622772
2003-05-01,days_from_report,0.25393784046173096
2003-05-01,fcf,1.096571922302246
2003-05-01,netinc,0.296945720911026
2003-05-01,revenue,0.16490936279296875
2003-05-01,sector,1.912214994430542
2003-05-01,marketcap,0.6955398917198181
2003-05-01,netinc_ratio_total,0.2678402066230774
2003-05-01,fcf_ratio_total,0.1347629725933075
2003-05-01,fcf_ratio_sector,0.4207087755203247
2003-05-01,netinc_prev_1,0.2551889419555664
2003-05-01,ep_diff_from_total,0.4103422164916992
2003-05-01,ep_sector_diff_total,0.9105827808380127
2003-05-01,fcfp_diff_from_total,0.6179271936416626
2003-05-01,fcfp_sector_diff_total,0.25792980194091797
2003-05-01,current_60_d_r,1.3646986484527588
2003-06-01,days_from_report,0.31530603766441345
2003-06-01,fcf,1.7210614681243896
2003-06-01,netinc,0.14371508359909058
2003-06-01,revenue,0.3788091242313385
2003-06-01,sector,0.5067638754844666
2003-06-01,marketcap,0.2365712970495224
2003-06-01,netinc_ratio_total,0.20157770812511444
2003-06-01,fcf_ratio_total,1.0050904750823975
2003-06-01,netinc_ratio_sector,0.3519122302532196
2003-06-01,fcf_ratio_sector,0.3636670708656311
2003-06-01,netinc_prev_1,1.1456069946289062
2003-06-01,fcf_prev_1,0.6192023158073425
2003-06-01,ep_diff_from_total,0.7236812114715576
2003-06-01,ep_sector_diff_total,0.23805132508277893
2003-06-01,fcfp_diff_from_total,0.13921760022640228
2003-06-01,fcfp_sector_diff_total,0.7453204989433289
2003-06-01,ep_fcfp_add_sub_sector,0.978901743888855
2003-06-01,current_60_d_r,0.5143282413482666
2003-07-01,days_from_report,0.3748963177204132
2003-07-01,fcf,2.135061740875244
2003-07-01,marketcap,0.3648838996887207
2003-07-01,fcf_ratio_sector,0.5856184959411621
2003-07-01,netinc_prev_1,4.171777725219727
2003-07-01,fcf_prev_1,2.916311025619507
2003-07-01,fcfp_diff_from_total,31.2166805267334
2003-08-01,fcf,0.16363903880119324
2003-08-01,revenue,0.309398353099823
2003-08-01,marketcap,0.2199665904045105
2003-08-01,fcf_ratio_total,0.14453557133674622
2003-08-01,netinc_ratio_sector,0.2683420181274414
2003-08-01,netinc_prev_1,0.49906861782073975
2003-08-01,fcf_prev_1,0.24730418622493744
2003-08-01,fcfp_diff_from_total,0.14683988690376282
2003-08-01,fcfp_sector_diff_total,0.39742743968963623
2003-08-01,ep_fcfp_add_sub_sector,5.336801052093506
2003-08-01,current_60_d_r,0.3107020854949951
2003-09-01,days_from_report,0.3234807252883911
2003-09-01,netinc,0.9563893675804138
2003-09-01,revenue,2.968541383743286
2003-09-01,sector,0.6688082218170166
2003-09-01,marketcap,2.25215220451355
2003-09-01,netinc_ratio_sector,1.2123878002166748
2003-09-01,netinc_prev_1,0.36517778038978577
2003-09-01,ep_diff_from_total,1.1428333520889282
2003-09-01,ep_sector_diff_total,2.4709441661834717
2003-09-01,fcfp_sector_diff_total,0.5471683144569397
2003-09-01,ep_fcfp_add_sub_sector,4.8315815925598145
2003-09-01,current_60_d_r,9.622323989868164
2003-10-01,days_from_report,0.36204463243484497
2003-10-01,fcf,0.37740302085876465
2003-10-01,netinc,0.6731950044631958
2003-10-01,revenue,1.0077344179153442
2003-10-01,sector,0.9154210686683655
2003-10-01,marketcap,1.1626721620559692
2003-10-01,netinc_ratio_total,0.9396945238113403
2003-10-01,fcf_ratio_total,1.6181684732437134
2003-10-01,netinc_ratio_sector,0.30843812227249146
2003-10-01,fcf_ratio_sector,0.381012886762619
2003-10-01,netinc_prev_1,0.19885429739952087
2003-10-01,fcf_prev_1,0.8963580131530762
2003-10-01,ep_diff_from_total,0.5436190366744995
2003-10-01,ep_sector_diff_total,0.33084169030189514
2003-10-01,fcfp_diff_from_total,1.194161295890808
2003-10-01,fcfp_sector_diff_total,0.7708225250244141
2003-10-01,ep_fcfp_add_sub_sector,4.7770676612854
2003-10-01,current_60_d_r,0.6755720376968384
2003-11-01,days_from_report,0.760118842124939
2003-11-01,fcf,1.9917216300964355
2003-11-01,netinc,0.11205681413412094
2003-11-01,revenue,0.5537416934967041
2003-11-01,sector,0.8445734977722168
2003-11-01,marketcap,0.5360516905784607
2003-11-01,fcf_ratio_total,0.8983375430107117
2003-11-01,fcf_ratio_sector,0.6650418639183044
2003-11-01,netinc_prev_1,1.470989465713501
2003-11-01,ep_diff_from_total,0.5173494219779968
2003-11-01,ep_sector_diff_total,0.3547099828720093
2003-11-01,fcfp_diff_from_total,0.671634316444397
2003-11-01,fcfp_sector_diff_total,0.6178650259971619
2003-11-01,ep_fcfp_add_sub_sector,0.24733950197696686
2003-11-01,current_60_d_r,2.8765439987182617
2003-12-01,days_from_report,0.26384279131889343
2003-12-01,fcf,12.091050148010254
2003-12-01,netinc,7.380697727203369
2003-12-01,revenue,0.3442249596118927
2003-12-01,sector,4.396932125091553
2003-12-01,marketcap,0.4999900162220001
2003-12-01,netinc_ratio_total,0.3373904824256897
2003-12-01,fcf_ratio_total,0.1322135329246521
2003-12-01,netinc_ratio_sector,0.21222543716430664
2003-12-01,fcf_ratio_sector,0.41042882204055786
2003-12-01,netinc_prev_1,0.4964965879917145
2003-12-01,fcf_prev_1,0.22879058122634888
2003-12-01,ep_diff_from_total,0.15077684819698334
2003-12-01,ep_sector_diff_total,0.5217154026031494
2003-12-01,fcfp_diff_from_total,0.5990124344825745
2003-12-01,fcfp_sector_diff_total,0.5699655413627625
2003-12-01,ep_fcfp_add_sub_sector,0.4339744746685028
2003-12-01,current_60_d_r,0.20510408282279968
2004-01-01,days_from_report,0.26153019070625305
2004-01-01,fcf,0.2822608947753906
2004-01-01,netinc,0.43798398971557617
2004-01-01,revenue,2.648352861404419
2004-01-01,sector,12.476954460144043
2004-01-01,marketcap,0.29817089438438416
2004-01-01,fcf_ratio_sector,0.1949799358844757
2004-01-01,netinc_prev_1,0.3307446539402008
2004-01-01,fcf_prev_1,0.199879989027977
2004-01-01,fcfp_diff_from_total,0.21776926517486572
2004-01-01,ep_fcfp_add_sub_sector,0.2583560645580292
2004-01-01,current_60_d_r,1.4869264364242554
2004-02-01,days_from_report,1.1580665111541748
2004-02-01,fcf,0.6225497126579285
2004-02-01,netinc,0.4795248210430145
2004-02-01,revenue,1.1712517738342285
2004-02-01,sector,4.834465980529785
2004-02-01,marketcap,0.8496285676956177
2004-02-01,netinc_ratio_total,1.119266152381897
2004-02-01,fcf_ratio_total,0.7231356501579285
2004-02-01,netinc_ratio_sector,0.21570135653018951
2004-02-01,fcf_ratio_sector,1.1510522365570068
2004-02-01,netinc_prev_1,0.45929983258247375
2004-02-01,fcf_prev_1,0.3792266249656677
2004-02-01,ep_diff_from_total,0.4700733721256256
2004-02-01,ep_sector_diff_total,3.7022476196289062
2004-02-01,current_60_d_r,0.747445821762085
2004-03-01,days_from_report,0.7769016623497009
2004-03-01,fcf,0.8933544158935547
2004-03-01,netinc,1.1489620208740234
2004-03-01,revenue,0.6879128813743591
2004-03-01,sector,4.061285018920898
2004-03-01,marketcap,0.7543325424194336
2004-03-01,netinc_ratio_total,0.8500980138778687
2004-03-01,fcf_ratio_total,0.26055067777633667
2004-03-01,netinc_ratio_sector,1.0420215129852295
2004-03-01,fcf_ratio_sector,0.9888594746589661
2004-03-01,netinc_prev_1,0.390890508890152
2004-03-01,fcf_prev_1,0.5808566808700562
2004-03-01,ep_sector_diff_total,0.9720301628112793
2004-03-01,fcfp_diff_from_total,0.7586027383804321
2004-03-01,current_60_d_r,0.9377285838127136
2004-04-01,days_from_report,0.41645705699920654
2004-04-01,fcf,0.5065805315971375
2004-04-01,netinc,0.44366759061813354
2004-04-01,revenue,14.570186614990234
2004-04-01,sector,1.3699434995651245
2004-04-01,marketcap,0.620743453502655
2004-04-01,netinc_ratio_total,0.14315447211265564
2004-04-01,fcf_ratio_total,0.3166199028491974
2004-04-01,fcf_ratio_sector,0.14751221239566803
2004-04-01,netinc_prev_1,0.446347177028656
2004-04-01,fcf_prev_1,0.10140842944383621
2004-04-01,ep_diff_from_total,5.216161251068115
2004-04-01,ep_sector_diff_total,0.2740263342857361
2004-04-01,fcfp_diff_from_total,0.11842779070138931
2004-04-01,fcfp_sector_diff_total,0.2543970048427582
2004-04-01,ep_fcfp_add_sub_sector,0.4054192900657654
2004-04-01,current_60_d_r,0.29136762022972107
2004-05-01,days_from_report,0.1125478744506836
2004-05-01,fcf,0.5979655981063843
2004-05-01,netinc,1.1075809001922607
2004-05-01,revenue,0.29868796467781067
2004-05-01,marketcap,25.441740036010742
2004-05-01,fcf_ratio_sector,0.3344655930995941
2004-05-01,netinc_prev_1,7.208427906036377
2004-05-01,fcfp_diff_from_total,17.555795669555664
2004-06-01,fcf,0.5077366828918457
2004-06-01,marketcap,9.082807540893555
2004-06-01,fcf_ratio_total,0.15803556144237518
2004-06-01,netinc_prev_1,12.527864456176758
2004-06-01,fcf_prev_1,0.1780730038881302
2004-06-01,ep_diff_from_total,0.7444112300872803
2004-06-01,fcfp_diff_from_total,9.943251609802246
2004-06-01,current_60_d_r,0.17956815659999847
2004-07-01,days_from_report,0.3512183427810669
2004-07-01,fcf,0.3734748959541321
2004-07-01,netinc,1.5614396333694458
2004-07-01,revenue,0.5378836393356323
2004-07-01,netinc_ratio_total,0.6322222352027893
2004-07-01,fcf_ratio_total,0.4998857080936432
2004-07-01,fcf_ratio_sector,0.4166623651981354
2004-07-01,netinc_prev_1,2.345705509185791
2004-07-01,ep_diff_from_total,0.949428141117096
2004-07-01,fcfp_sector_diff_total,0.842815637588501
2004-07-01,current_60_d_r,3.192134380340576
2004-08-01,days_from_report,1.1171811819076538
2004-08-01,fcf,1.6549214124679565
2004-08-01,netinc,0.9042601585388184
2004-08-01,revenue,0.9719011187553406
2004-08-01,sector,3.8496170043945312
2004-08-01,marketcap,0.8244208693504333
2004-08-01,fcf_ratio_total,0.8911109566688538
2004-08-01,netinc_ratio_sector,1.5747113227844238
2004-08-01,fcf_ratio_sector,2.437385320663452
2004-08-01,netinc_prev_1,1.888513207435608
2004-08-01,fcf_prev_1,1.504294991493225
2004-08-01,ep_diff_from_total,0.7395446300506592
2004-08-01,ep_sector_diff_total,0.5558133125305176
2004-08-01,fcfp_sector_diff_total,1.7835111618041992
2004-08-01,ep_fcfp_add_sub_sector,1.5039492845535278
2004-08-01,current_60_d_r,3.1910147666931152
2004-09-01,days_from_report,1.127672791481018
2004-09-01,fcf,0.39163339138031006
2004-09-01,netinc,0.8230358362197876
2004-09-01,revenue,1.017994999885559
2004-09-01,sector,0.3483341336250305
2004-09-01,marketcap,0.7684485912322998
2004-09-01,netinc_ratio_total,1.3897708654403687
2004-09-01,fcf_ratio_total,0.9475283026695251
2004-09-01,netinc_ratio_sector,0.7002798914909363
2004-09-01,fcf_ratio_sector,0.4692920446395874
2004-09-01,netinc_prev_1,4.431521415710449
2004-09-01,fcf_prev_1,0.5622423887252808
2004-09-01,ep_diff_from_total,0.5518189668655396
2004-09-01,ep_sector_diff_total,0.3514329493045807
2004-09-01,fcfp_diff_from_total,0.4834175705909729
2004-09-01,fcfp_sector_diff_total,2.02303409576416
2004-09-01,current_60_d_r,1.1407030820846558
2004-10-01,days_from_report,2.8283779621124268
2004-10-01,fcf,2.848008394241333
2004-10-01,netinc,1.0289206504821777
2004-10-01,revenue,4.01252555847168
2004-10-01,marketcap,3.4116175174713135
2004-10-01,netinc_ratio_sector,0.577096700668335
2004-10-01,fcf_ratio_sector,3.408573865890503
2004-10-01,netinc_prev_1,2.049614429473877
2004-10-01,ep_diff_from_total,0.10740256309509277
2004-10-01,fcfp_diff_from_total,0.684232234954834
2004-10-01,ep_fcfp_add_sub_sector,1.7245112657546997
2004-11-01,days_from_report,0.1062849760055542
2004-11-01,marketcap,0.10596418380737305
2004-11-01,netinc_ratio_total,0.7573142647743225
2004-11-01,netinc_prev_1,34.49472427368164
2004-12-01,fcf,0.33628496527671814
2004-12-01,revenue,0.39167311787605286
2004-12-01,sector,0.5103282332420349
2004-12-01,marketcap,17.588281631469727
2004-12-01,netinc_ratio_total,0.2972656786441803
2004-12-01,fcf_ratio_sector,0.5464086532592773
2004-12-01,netinc_prev_1,0.3331613838672638
2004-12-01,fcf_prev_1,17.23822021484375
2004-12-01,ep_sector_diff_total,0.4501882493495941
2004-12-01,fcfp_sector_diff_total,0.4445013999938965
2004-12-01,ep_fcfp_add_sub_sector,0.3719549775123596
2004-12-01,current_60_d_r,3.7657501697540283
2005-01-01,days_from_report,0.48069873452186584
2005-01-01,fcf,0.4204587936401367
2005-01-01,netinc,2.6325111389160156
2005-01-01,revenue,3.7707746028900146
2005-01-01,sector,0.6335688233375549
2005-01-01,marketcap,2.5320982933044434
2005-01-01,netinc_prev_1,0.4296492040157318
2005-01-01,fcf_prev_1,1.9188350439071655
2005-01-01,ep_fcfp_add_sub_sector,1.7696994543075562
2005-02-01,days_from_report,2.177716016769409
2005-02-01,fcf,0.7602782249450684
2005-02-01,netinc,1.1476167440414429
2005-02-01,revenue,2.0259268283843994
2005-02-01,sector,1.6163527965545654
2005-02-01,marketcap,2.02479887008667
2005-02-01,netinc_ratio_total,2.378683090209961
2005-02-01,fcf_ratio_total,0.697483241558075
2005-02-01,fcf_prev_1,1.2560057640075684
2005-02-01,ep_diff_from_total,3.9845988750457764
2005-02-01,fcfp_diff_from_total,0.32794424891471863
2005-02-01,current_60_d_r,0.693576991558075
2005-03-01,days_from_report,3.6246399879455566
2005-03-01,fcf,1.912127137184143
2005-03-01,netinc,1.7480690479278564
2005-03-01,revenue,3.1102187633514404
2005-03-01,sector,0.31842121481895447
2005-03-01,marketcap,1.2266616821289062
2005-03-01,netinc_ratio_sector,1.2358148097991943
2005-03-01,netinc_prev_1,1.0417436361312866
2005-03-01,fcf_prev_1,1.2796854972839355
2005-03-01,fcfp_diff_from_total,0.3914125859737396
2005-03-01,current_60_d_r,0.7908389568328857
2005-04-01,days_from_report,0.9937454462051392
2005-04-01,fcf,1.620566725730896
2005-04-01,netinc,0.16968293488025665
2005-04-01,revenue,5.149847984313965
2005-04-01,sector,0.44696885347366333
2005-04-01,marketcap,1.2904773950576782
2005-04-01,netinc_ratio_total,0.6513801217079163
2005-04-01,netinc_ratio_sector,0.663412868976593
2005-04-01,fcf_ratio_sector,0.8709646463394165
2005-04-01,netinc_prev_1,1.6462757587432861
2005-04-01,fcf_prev_1,0.818810224533081
2005-04-01,ep_diff_from_total,0.6110942363739014
2005-04-01,ep_sector_diff_total,0.36852261424064636
2005-04-01,fcfp_diff_from_total,1.0173038244247437
2005-04-01,ep_fcfp_add_sub_sector,3.00581431388855
2005-04-01,current_60_d_r,2.1379168033599854
2005-05-01,days_from_report,0.8719228506088257
2005-05-01,fcf,0.5319849252700806
2005-05-01,revenue,0.6402837038040161
2005-05-01,fcf_ratio_total,0.26407188177108765
2005-05-01,netinc_ratio_sector,0.11189260333776474
2005-05-01,fcf_ratio_sector,2.351961374282837
2005-05-01,netinc_prev_1,4.188956260681152
2005-05-01,fcf_prev_1,1.830703854560852
2005-05-01,ep_sector_diff_total,0.6583948135375977
2005-05-01,fcfp_diff_from_total,10.457427024841309
2005-05-01,fcfp_sector_diff_total,1.2199000120162964
2005-05-01,ep_fcfp_add_sub_sector,10.137484550476074
2005-05-01,current_60_d_r,1.5908536911010742
2005-06-01,days_from_report,0.7738497257232666
2005-06-01,fcf,0.4658113718032837
2005-06-01,revenue,1.5739408731460571
2005-06-01,sector,2.4136834144592285
2005-06-01,marketcap,1.8345091342926025
2005-06-01,netinc_ratio_total,0.8802216053009033
2005-06-01,fcf_ratio_total,2.6232504844665527
2005-06-01,ep_sector_diff_total,3.229447603225708
2005-06-01,fcfp_diff_from_total,2.411515235900879
2005-06-01,fcfp_sector_diff_total,2.8909711837768555
2005-06-01,ep_fcfp_add_sub_sector,5.168856620788574
2005-06-01,current_60_d_r,2.1841487884521484
2005-07-01,fcf,0.8379589319229126
2005-07-01,revenue,2.255974769592285
2005-07-01,sector,0.4523791968822479
2005-07-01,marketcap,0.8802636861801147
2005-07-01,netinc_ratio_total,0.3840124309062958
2005-07-01,fcf_ratio_total,0.6110333800315857
2005-07-01,netinc_prev_1,1.2870100736618042
2005-07-01,fcf_prev_1,1.9994133710861206
2005-07-01,ep_diff_from_total,1.9388009309768677
2005-07-01,ep_sector_diff_total,0.4543636441230774
2005-07-01,fcfp_sector_diff_total,0.1987179070711136
2005-07-01,current_60_d_r,0.9265661239624023
2005-08-01,days_from_report,0.33753401041030884
2005-08-01,fcf,1.6658222675323486
2005-08-01,netinc,1.0327423810958862
2005-08-01,revenue,1.74123215675354
2005-08-01,sector,0.4048939645290375
2005-08-01,marketcap,2.625335216522217
2005-08-01,netinc_ratio_total,0.3161040246486664
2005-08-01,fcf_ratio_total,2.4017584323883057
2005-08-01,netinc_ratio_sector,0.40848496556282043
2005-08-01,fcf_ratio_sector,0.482342004776001
2005-08-01,netinc_prev_1,0.8536601066589355
2005-08-01,fcf_prev_1,0.6119245290756226
2005-08-01,ep_diff_from_total,0.7619048953056335
2005-08-01,ep_sector_diff_total,0.5695693492889404
2005-08-01,fcfp_diff_from_total,0.6641095876693726
2005-08-01,ep_fcfp_add_sub_sector,0.7388514876365662
2005-08-01,current_60_d_r,0.9570262432098389
2005-09-01,days_from_report,0.8704538941383362
2005-09-01,fcf,0.6600012183189392
2005-09-01,revenue,1.8072441816329956
2005-09-01,sector,1.0378047227859497
2005-09-01,marketcap,3.488295078277588
2005-09-01,netinc_ratio_total,1.5433340072631836
2005-09-01,fcf_ratio_total,1.247188687324524
2005-09-01,netinc_ratio_sector,1.0910582542419434
2005-09-01,netinc_prev_1,0.7679181694984436
2005-09-01,ep_diff_from_total,0.3884715437889099
2005-09-01,ep_sector_diff_total,0.6251136660575867
2005-09-01,fcfp_sector_diff_total,0.3135325312614441
2005-09-01,current_60_d_r,0.14855968952178955
2005-10-01,days_from_report,2.4275848865509033
2005-10-01,netinc,1.2773563861846924
2005-10-01,revenue,3.3828420639038086
2005-10-01,sector,0.24307799339294434
2005-10-01,marketcap,1.5960856676101685
2005-10-01,netinc_ratio_total,5.043490886688232
2005-10-01,fcf_ratio_total,0.2377018928527832
2005-10-01,netinc_prev_1,1.2780905961990356
2005-10-01,fcf_prev_1,1.8173637390136719
2005-10-01,ep_diff_from_total,0.2887735366821289
2005-10-01,fcfp_sector_diff_total,2.910104274749756
2005-10-01,current_60_d_r,3.19767165184021
2005-11-01,days_from_report,0.7425516843795776
2005-11-01,fcf,3.9102776050567627
2005-11-01,revenue,0.7139649391174316
2005-11-01,sector,0.19273346662521362
2005-11-01,marketcap,0.6862682700157166
2005-11-01,netinc_ratio_total,0.26476800441741943
2005-11-01,fcf_ratio_total,0.6877506375312805
2005-11-01,netinc_ratio_sector,1.1745083332061768
2005-11-01,fcf_ratio_sector,5.334090232849121
2005-11-01,netinc_prev_1,0.5640367269515991
2005-11-01,fcf_prev_1,0.822240948677063
2005-11-01,ep_diff_from_total,2.1525049209594727
2005-11-01,ep_sector_diff_total,0.734437882900238
2005-11-01,fcfp_diff_from_total,0.46380144357681274
2005-11-01,fcfp_sector_diff_total,0.7512487173080444
2005-11-01,ep_fcfp_add_sub_sector,0.3758174777030945
2005-11-01,current_60_d_r,1.5561935901641846
2005-12-01,days_from_report,1.6576814651489258
2005-12-01,fcf,1.2489228248596191
2005-12-01,netinc,0.9382051229476929
2005-12-01,revenue,3.2024118900299072
2005-12-01,marketcap,1.847657322883606
2005-12-01,netinc_ratio_total,2.7585465908050537
2005-12-01,fcf_ratio_total,1.8517982959747314
2005-12-01,fcf_ratio_sector,1.4198906421661377
2005-12-01,netinc_prev_1,0.6483243703842163
2005-12-01,fcf_prev_1,1.9915895462036133
2005-12-01,ep_diff_from_total,3.037677526473999
2005-12-01,ep_sector_diff_total,2.2459969520568848
2005-12-01,fcfp_diff_from_total,1.781923532485962
2005-12-01,ep_fcfp_add_sub_sector,0.2718774378299713
2006-01-01,days_from_report,0.6921553611755371
2006-01-01,fcf,0.46287500858306885
2006-01-01,netinc,1.1467444896697998
2006-01-01,revenue,1.017820954322815
2006-01-01,sector,0.5504540801048279
2006-01-01,marketcap,1.378814697265625
2006-01-01,netinc_ratio_total,0.6932964324951172
2006-01-01,fcf_ratio_total,0.8203691244125366
2006-01-01,netinc_ratio_sector,0.28120186924934387
2006-01-01,fcf_ratio_sector,0.6117645502090454
2006-01-01,netinc_prev_1,0.5745410919189453
2006-01-01,fcf_prev_1,0.5163367986679077
2006-01-01,ep_diff_from_total,0.6521337628364563
2006-01-01,ep_sector_diff_total,1.0371166467666626
2006-01-01,fcfp_diff_from_total,0.13465912640094757
2006-01-01,fcfp_sector_diff_total,0.8482732772827148
2006-01-01,ep_fcfp_add_sub_sector,0.3023347854614258
2006-01-01,current_60_d_r,0.9651677012443542
2006-02-01,days_from_report,1.3351702690124512
2006-02-01,fcf,0.3551180362701416
2006-02-01,netinc,0.9548225998878479
2006-02-01,revenue,0.4722028970718384
2006-02-01,sector,0.7432894110679626
2006-02-01,marketcap,0.8750514388084412
2006-02-01,netinc_ratio_total,3.008729934692383
2006-02-01,fcf_ratio_total,1.337679147720337
2006-02-01,netinc_ratio_sector,0.9375307559967041
2006-02-01,fcf_ratio_sector,1.0645092725753784
2006-02-01,ep_diff_from_total,0.13822801411151886
2006-02-01,ep_sector_diff_total,0.46836596727371216
2006-02-01,fcfp_diff_from_total,1.7749544382095337
2006-02-01,fcfp_sector_diff_total,0.336689829826355
2006-02-01,current_60_d_r,2.2045934200286865
2006-03-01,fcf,4.176501750946045
2006-03-01,revenue,2.259352684020996
2006-03-01,sector,1.5102417469024658
2006-03-01,marketcap,2.298471689224243
2006-03-01,netinc_ratio_total,2.1817359924316406
2006-03-01,fcf_ratio_total,3.4020516872406006
2006-03-01,fcf_ratio_sector,2.0384151935577393
2006-03-01,ep_sector_diff_total,1.0693213939666748
2006-03-01,fcfp_diff_from_total,0.7673785090446472
2006-03-01,fcfp_sector_diff_total,2.592921733856201
2006-03-01,current_60_d_r,3.54202938079834
2006-04-01,days_from_report,0.34730345010757446
2006-04-01,fcf,62.16196060180664
2006-04-01,netinc,0.19444558024406433
2006-04-01,revenue,0.4887632131576538
2006-04-01,sector,0.26552799344062805
2006-04-01,marketcap,0.35785776376724243
2006-04-01,netinc_ratio_total,0.26139402389526367
2006-04-01,fcf_ratio_total,0.32470715045928955
2006-04-01,netinc_ratio_sector,0.26815155148506165
2006-04-01,fcf_ratio_sector,0.307626873254776
2006-04-01,fcf_prev_1,5.994162082672119
2006-04-01,ep_diff_from_total,0.4712911546230316
2006-04-01,ep_sector_diff_total,0.24592232704162598
2006-04-01,ep_fcfp_add_sub_sector,0.38631701469421387
2006-04-01,current_60_d_r,0.1879027932882309
2006-05-01,days_from_report,1.3714683055877686
2006-05-01,fcf,21.8540096282959
2006-05-01,netinc,0.12124763429164886
2006-05-01,revenue,0.37700363993644714
2006-05-01,sector,0.2719830274581909
2006-05-01,marketcap,0.549665093421936
2006-05-01,fcf_ratio_total,0.8920271992683411
2006-05-01,netinc_ratio_sector,0.8898055553436279
2006-05-01,netinc_prev_1,0.5645974278450012
2006-05-01,ep_diff_from_total,0.34350040555000305
2006-05-01,ep_fcfp_add_sub_sector,0.7602126598358154
2006-05-01,current_60_d_r,0.581891655921936
2006-06-01,days_from_report,3.3051059246063232
2006-06-01,fcf,7.824240207672119
2006-06-01,sector,0.33498314023017883
2006-06-01,marketcap,0.3481106758117676
2006-06-01,netinc_ratio_total,7.9262614250183105
2006-06-01,fcf_ratio_total,0.40778565406799316
2006-06-01,fcf_ratio_sector,10.53034782409668
2006-06-01,netinc_prev_1,0.3994664251804352
2006-06-01,fcf_prev_1,3.9583353996276855
2006-06-01,ep_diff_from_total,0.6087441444396973
2006-06-01,ep_sector_diff_total,6.314218044281006
2006-06-01,fcfp_diff_from_total,0.6479665637016296
2006-06-01,fcfp_sector_diff_total,0.5365487337112427
2006-06-01,ep_fcfp_add_sub_sector,1.7542312145233154
2006-06-01,current_60_d_r,0.5787932872772217
2006-07-01,days_from_report,0.12574638426303864
2006-07-01,fcf,44.27778625488281
2006-07-01,netinc,0.34624800086021423
2006-07-01,revenue,0.1778610348701477
2006-07-01,sector,0.13869957625865936
2006-07-01,marketcap,0.1470600813627243
2006-07-01,netinc_ratio_total,0.10403501987457275
2006-07-01,fcf_ratio_total,0.16057050228118896
2006-07-01,netinc_ratio_sector,0.11048370599746704
2006-07-01,fcf_ratio_sector,0.17123396694660187
2006-07-01,netinc_prev_1,0.12241695821285248
2006-07-01,fcf_prev_1,0.2316214144229889
2006-07-01,ep_diff_from_total,0.1329437643289566
2006-07-01,ep_sector_diff_total,0.1269550919532776
2006-07-01,fcfp_diff_from_total,0.16660445928573608
2006-07-01,fcfp_sector_diff_total,0.20445267856121063
2006-07-01,current_60_d_r,0.7230290770530701
2006-08-01,fcf,25.815738677978516
2006-08-01,netinc,0.29540085792541504
2006-08-01,revenue,0.3393072485923767
2006-08-01,sector,0.42936789989471436
2006-08-01,fcf_ratio_total,1.7748119831085205
2006-08-01,netinc_ratio_sector,0.38548898696899414
2006-08-01,fcf_ratio_sector,0.18340443074703217
2006-08-01,netinc_prev_1,0.17267799377441406
2006-08-01,fcf_prev_1,0.23718440532684326
2006-08-01,ep_diff_from_total,0.2542113661766052
2006-08-01,ep_sector_diff_total,0.2501787841320038
2006-08-01,fcfp_diff_from_total,0.31850454211235046
2006-08-01,ep_fcfp_add_sub_sector,0.35117051005363464
2006-08-01,current_60_d_r,1.7967064380645752
2006-09-01,days_from_report,0.11201269924640656
2006-09-01,fcf,13.437580108642578
2006-09-01,netinc,0.24346861243247986
2006-09-01,revenue,0.1376950442790985
2006-09-01,sector,0.11398389935493469
2006-09-01,marketcap,0.10180921852588654
2006-09-01,netinc_ratio_total,0.1062028631567955
2006-09-01,fcf_ratio_total,0.18906526267528534
2006-09-01,netinc_ratio_sector,0.12813089787960052
2006-09-01,fcf_prev_1,0.13280655443668365
2006-09-01,ep_sector_diff_total,0.1067919135093689
2006-09-01,fcfp_sector_diff_total,0.10928595811128616
2006-09-01,ep_fcfp_add_sub_sector,0.18428315222263336
2006-09-01,current_60_d_r,0.4394836127758026
2006-10-01,days_from_report,0.5890223383903503
2006-10-01,fcf,10.617033958435059
2006-10-01,netinc,1.1797726154327393
2006-10-01,revenue,0.35132044553756714
2006-10-01,sector,0.24384018778800964
2006-10-01,marketcap,0.20541709661483765
2006-10-01,fcf_ratio_total,0.1563030630350113
2006-10-01,netinc_ratio_sector,0.7036522626876831
2006-10-01,fcf_ratio_sector,0.2684003710746765
2006-10-01,netinc_prev_1,0.4096584618091583
2006-10-01,fcf_prev_1,1.130981206893921
2006-10-01,ep_diff_from_total,0.2797152101993561
2006-10-01,fcfp_diff_from_total,0.2225961983203888
2006-10-01,fcfp_sector_diff_total,0.30954888463020325
2006-10-01,ep_fcfp_add_sub_sector,0.4767753481864929
2006-10-01,current_60_d_r,0.19430571794509888
2006-11-01,fcf,10.029403686523438
2006-11-01,netinc,3.612076997756958
2006-11-01,revenue,1.3142865896224976
2006-11-01,sector,0.4870191514492035
2006-11-01,marketcap,0.10220372676849365
2006-11-01,fcf_ratio_total,10.777091979980469
2006-11-01,netinc_prev_1,2.913043975830078
2006-11-01,ep_sector_diff_total,4.893097877502441
2006-11-01,fcfp_diff_from_total,0.3642970621585846
2006-11-01,ep_fcfp_add_sub_sector,3.860342264175415
2006-12-01,days_from_report,0.8179940581321716
2006-12-01,revenue,3.672156810760498
2006-12-01,netinc_prev_1,2.132129669189453
2006-12-01,ep_sector_diff_total,10.793619155883789
2006-12-01,current_60_d_r,1.4949251413345337
2007-01-01,fcf,2.629528522491455
2007-01-01,netinc,5.657255172729492
2007-01-01,revenue,2.0408475399017334
2007-01-01,marketcap,0.5610688328742981
2007-01-01,fcf_ratio_total,1.9124773740768433
2007-01-01,netinc_prev_1,2.2178616523742676
2007-01-01,ep_sector_diff_total,1.66537606716156
2007-01-01,current_60_d_r,2.0052976608276367
2007-02-01,days_from_report,0.3735015392303467
2007-02-01,netinc,2.7443928718566895
2007-02-01,revenue,0.40285205841064453
2007-02-01,fcfp_diff_from_total,0.408077597618103
2007-02-01,current_60_d_r,0.8886975049972534
2007-03-01,days_from_report,2.4132609367370605
2007-03-01,fcf,15.698053359985352
2007-03-01,netinc,3.402958869934082
2007-03-01,revenue,0.7797891497612
2007-03-01,netinc_ratio_total,1.2838032245635986
2007-03-01,fcf_ratio_total,0.5152789950370789
2007-03-01,netinc_ratio_sector,0.3868711590766907
2007-03-01,fcf_ratio_sector,5.985021591186523
2007-03-01,ep_sector_diff_total,0.8990738391876221
2007-03-01,fcfp_sector_diff_total,0.8859238028526306
2007-03-01,current_60_d_r,0.6853694319725037
2007-04-01,fcf,2.076378107070923
2007-04-01,netinc,1.642532229423523
2007-04-01,revenue,0.8690715432167053
2007-04-01,sector,4.8163743019104
2007-04-01,marketcap,3.042304754257202
2007-04-01,fcf_ratio_total,1.48911714553833
2007-04-01,fcf_ratio_sector,1.0710034370422363
2007-04-01,netinc_prev_1,4.935029983520508
2007-04-01,fcf_prev_1,4.095906734466553
2007-04-01,ep_diff_from_total,2.2871439456939697
2007-04-01,ep_sector_diff_total,1.003555178642273
2007-04-01,fcfp_diff_from_total,0.34882569313049316
2007-04-01,current_60_d_r,0.5515897274017334
2007-05-01,days_from_report,0.5988318920135498
2007-05-01,fcf,34.17396545410156
2007-05-01,revenue,1.2131648063659668
2007-05-01,sector,1.4818869829177856
2007-05-01,marketcap,3.5010135173797607
2007-05-01,netinc_ratio_total,7.260524749755859
2007-05-01,fcf_ratio_total,12.085662841796875
2007-05-01,netinc_ratio_sector,1.4188013076782227
2007-05-01,fcf_ratio_sector,0.2589336335659027
2007-05-01,netinc_prev_1,1.2696516513824463
2007-05-01,fcf_prev_1,1.3151541948318481
2007-05-01,ep_diff_from_total,1.0292912721633911
2007-05-01,ep_sector_diff_total,0.14934730529785156
2007-05-01,fcfp_diff_from_total,1.0435590744018555
2007-05-01,current_60_d_r,0.2161654531955719
2007-06-01,revenue,0.7890008091926575
2007-06-01,netinc_ratio_total,0.36410099267959595
2007-06-01,fcf_ratio_total,0.5602365136146545
2007-06-01,netinc_ratio_sector,1.2794398069381714
2007-06-01,fcf_ratio_sector,16.147239685058594
2007-06-01,netinc_prev_1,1.1757586002349854
2007-06-01,ep_sector_diff_total,0.5229648947715759
2007-06-01,ep_fcfp_add_sub_sector,0.5583531260490417
2007-06-01,current_60_d_r,21.19041633605957
2007-07-01,netinc,2.2596495151519775
2007-07-01,revenue,11.09390640258789
2007-07-01,sector,5.626172065734863
2007-07-01,netinc_ratio_total,0.10730976611375809
2007-07-01,fcf_ratio_total,5.1737799644470215
2007-07-01,fcf_ratio_sector,4.095474720001221
2007-07-01,netinc_prev_1,5.181736469268799
2007-07-01,fcf_prev_1,14.318136215209961
2007-07-01,ep_fcfp_add_sub_sector,6.113442420959473
2007-07-01,current_60_d_r,7.829026699066162
2007-08-01,netinc,13.36286735534668
2007-08-01,revenue,1.5144089460372925
2007-08-01,sector,1.067673921585083
2007-08-01,marketcap,2.9139444828033447
2007-08-01,netinc_ratio_sector,1.0945007801055908
2007-08-01,fcf_ratio_sector,0.26513588428497314
2007-08-01,fcf_prev_1,0.7691242098808289
2007-08-01,ep_sector_diff_total,0.7334950566291809
2007-08-01,fcfp_diff_from_total,8.5558500289917
2007-08-01,current_60_d_r,4.952837944030762
2007-09-01,days_from_report,1.9173072576522827
2007-09-01,netinc,13.902356147766113
2007-09-01,revenue,0.9069716930389404
2007-09-01,sector,0.5560076832771301
2007-09-01,netinc_ratio_total,0.3335843086242676
2007-09-01,netinc_ratio_sector,0.31871628761291504
2007-09-01,fcf_prev_1,0.45293816924095154
2007-09-01,ep_diff_from_total,6.065547466278076
2007-09-01,fcfp_diff_from_total,4.508919715881348
2007-09-01,fcfp_sector_diff_total,1.2062993049621582
2007-09-01,current_60_d_r,0.6050207018852234
2007-10-01,netinc,10.985699653625488
2007-10-01,revenue,1.1029431819915771
2007-10-01,sector,1.6642345190048218
2007-10-01,marketcap,0.654510498046875
2007-10-01,netinc_ratio_total,0.9176183342933655
2007-10-01,fcf_ratio_total,0.9391312599182129
2007-10-01,netinc_ratio_sector,0.5249071717262268
2007-10-01,netinc_prev_1,0.2227722406387329
2007-10-01,fcf_prev_1,0.6457421183586121
2007-10-01,ep_diff_from_total,1.604062557220459
2007-10-01,ep_sector_diff_total,1.3620890378952026
2007-10-01,fcfp_diff_from_total,1.7291654348373413
2007-10-01,current_60_d_r,0.9480983018875122
2007-11-01,fcf,2.995417594909668
2007-11-01,sector,0.8861972689628601
2007-11-01,marketcap,0.397141695022583
2007-11-01,netinc_ratio_total,2.0056893825531006
2007-11-01,fcf_ratio_total,2.7423250675201416
2007-11-01,netinc_ratio_sector,0.9515647292137146
2007-11-01,fcf_ratio_sector,4.817969799041748
2007-11-01,ep_diff_from_total,1.7849942445755005
2007-11-01,fcfp_diff_from_total,0.7312158346176147
2007-11-01,fcfp_sector_diff_total,0.3837374448776245
2007-11-01,current_60_d_r,5.799602031707764
2007-12-01,days_from_report,1.5053805112838745
2007-12-01,sector,0.574074923992157
2007-12-01,marketcap,1.7194193601608276
2007-12-01,netinc_prev_1,2.59852933883667
2007-12-01,fcfp_sector_diff_total,0.5294719934463501
2007-12-01,ep_fcfp_add_sub_sector,1.1870825290679932
2007-12-01,current_60_d_r,2.408261775970459
2008-01-01,days_from_report,0.31637272238731384
2008-01-01,netinc,0.15215301513671875
2008-01-01,revenue,0.30270400643348694
2008-01-01,sector,0.6905107498168945
2008-01-01,ep_diff_from_total,34.75950241088867
2008-01-01,ep_sector_diff_total,0.24542705714702606
2008-01-01,ep_fcfp_add_sub_sector,0.2466602325439453
2008-01-01,current_60_d_r,28.815645217895508
2008-02-01,days_from_report,0.7244638204574585
2008-02-01,netinc,15.952333450317383
2008-02-01,revenue,0.9723977446556091
2008-02-01,sector,2.384751796722412
2008-02-01,marketcap,1.2980774641036987
2008-02-01,netinc_ratio_sector,1.6661794185638428
2008-02-01,ep_diff_from_total,18.428213119506836
2008-02-01,ep_sector_diff_total,1.8957068920135498
2008-02-01,fcfp_diff_from_total,26.211326599121094
2008-02-01,current_60_d_r,9.455164909362793
2008-03-01,netinc,0.618811309337616
2008-03-01,revenue,0.30273017287254333
2008-03-01,netinc_ratio_sector,0.37686410546302795
2008-03-01,ep_diff_from_total,0.4495433568954468
2008-03-01,fcfp_diff_from_total,6.974769592285156
2008-03-01,ep_fcfp_add_sub_sector,0.3455519676208496
2008-03-01,current_60_d_r,9.25113582611084
2008-04-01,days_from_report,0.8307192921638489
2008-04-01,fcf,0.11262345314025879
2008-04-01,netinc,1.757838487625122
2008-04-01,revenue,0.9625301361083984
2008-04-01,sector,0.6815381050109863
2008-04-01,fcf_ratio_total,0.8588764667510986
2008-04-01,netinc_ratio_sector,1.0596139430999756
2008-04-01,netinc_prev_1,0.4994378089904785
2008-04-01,fcf_prev_1,0.5567121505737305
2008-04-01,ep_sector_diff_total,0.7925022840499878
2008-04-01,fcfp_diff_from_total,23.079147338867188
2008-04-01,current_60_d_r,7.057364463806152
2008-05-01,fcf,0.9707452654838562
2008-05-01,netinc,1.4285030364990234
2008-05-01,revenue,1.4592409133911133
2008-05-01,sector,1.2634929418563843
2008-05-01,netinc_ratio_sector,1.0028629302978516
2008-05-01,fcf_ratio_sector,0.6253674030303955
2008-05-01,ep_diff_from_total,0.5849556922912598
2008-05-01,ep_fcfp_add_sub_sector,0.5407029390335083
2008-05-01,current_60_d_r,20.017871856689453
2008-06-01,days_from_report,0.4527701735496521
2008-06-01,fcf,1.0372838973999023
2008-06-01,netinc,0.4467643201351166
2008-06-01,netinc_ratio_total,0.42575740814208984
2008-06-01,fcf_ratio_sector,1.6103709936141968
2008-06-01,netinc_prev_1,0.10693693161010742
2008-06-01,fcf_prev_1,5.095705986022949
2008-06-01,fcfp_sector_diff_total,0.10307884216308594
2008-06-01,ep_fcfp_add_sub_sector,0.5298712849617004
2008-06-01,current_60_d_r,0.7646760940551758
2008-07-01,revenue,1.8549774885177612
2008-07-01,sector,1.0975590944290161
2008-07-01,marketcap,1.0048900842666626
2008-07-01,netinc_ratio_total,0.8047294020652771
2008-07-01,fcf_ratio_total,1.0944443941116333
2008-07-01,fcf_ratio_sector,1.955118179321289
2008-07-01,fcf_prev_1,5.830891132354736
2008-07-01,ep_diff_from_total,0.1104322075843811
2008-07-01,fcfp_diff_from_total,1.762877106666565
2008-07-01,current_60_d_r,2.0533862113952637
2008-08-01,days_from_report,5.852859020233154
2008-08-01,revenue,1.0676523447036743
2008-08-01,sector,5.150872230529785
2008-08-01,marketcap,3.765106678009033
2008-08-01,fcf_ratio_total,1.495646357536316
2008-08-01,netinc_ratio_sector,2.7299718856811523
2008-08-01,fcf_ratio_sector,2.2735471725463867
2008-08-01,fcf_prev_1,2.503948926925659
2008-08-01,ep_sector_diff_total,0.22649860382080078
2008-08-01,fcfp_diff_from_total,2.464141607284546
2008-08-01,ep_fcfp_add_sub_sector,2.08005952835083
2008-08-01,current_60_d_r,2.639827013015747
2008-09-01,days_from_report,2.798327684402466
2008-09-01,fcf,4.475415229797363
2008-09-01,netinc,2.025575876235962
2008-09-01,revenue,2.6229612827301025
2008-09-01,sector,3.6211953163146973
2008-09-01,fcf_ratio_total,2.26224422454834
2008-09-01,netinc_ratio_sector,7.003262996673584
2008-09-01,fcf_ratio_sector,2.280383348464966
2008-09-01,netinc_prev_1,18.66844367980957
2008-09-01,fcf_prev_1,2.812262535095215
2008-09-01,ep_sector_diff_total,2.476139783859253
2008-09-01,current_60_d_r,3.154855966567993
2008-10-01,netinc,2.803027629852295
2008-10-01,marketcap,4.5922040939331055
2008-10-01,netinc_ratio_total,4.588115692138672
2008-10-01,fcf_prev_1,4.411276340484619
2008-10-01,ep_diff_from_total,9.361095428466797
2008-10-01,ep_sector_diff_total,6.116036415100098
2008-10-01,fcfp_sector_diff_total,3.386409282684326
2008-10-01,ep_fcfp_add_sub_sector,4.075296878814697
2008-10-01,current_60_d_r,5.5634894371032715
2008-11-01,days_from_report,1.981585144996643
2008-11-01,fcf,1.9988834857940674
2008-11-01,netinc,12.228476524353027
2008-11-01,revenue,0.7443987727165222
2008-11-01,sector,1.8074383735656738
2008-11-01,marketcap,0.12140125036239624
2008-11-01,netinc_ratio_total,2.517165422439575
2008-11-01,netinc_ratio_sector,6.2418365478515625
2008-11-01,netinc_prev_1,1.6413443088531494
2008-11-01,fcf_prev_1,0.4320656657218933
2008-11-01,ep_fcfp_add_sub_sector,2.247575283050537
2008-11-01,current_60_d_r,2.1425366401672363
2008-12-01,fcf,2.0752506256103516
2008-12-01,revenue,1.3019368648529053
2008-12-01,netinc_ratio_total,0.60198974609375
2008-12-01,current_60_d_r,14.700549125671387
2009-01-01,fcf,0.8357725739479065
2009-01-01,revenue,1.0140899419784546
2009-01-01,netinc_ratio_sector,0.5415115356445312
2009-01-01,fcf_ratio_sector,0.7070652842521667
2009-01-01,netinc_prev_1,0.4409202039241791
2009-01-01,fcfp_diff_from_total,0.7705466151237488
2009-01-01,current_60_d_r,14.49402141571045
2009-02-01,days_from_report,0.10395578294992447
2009-02-01,revenue,0.7306423187255859
2009-02-01,marketcap,9.467646598815918
2009-02-01,netinc_ratio_sector,0.6938374638557434
2009-02-01,netinc_prev_1,1.7969409227371216
2009-02-01,fcf_prev_1,0.17141520977020264
2009-02-01,fcfp_diff_from_total,0.33434635400772095
2009-02-01,ep_fcfp_add_sub_sector,0.4628347158432007
2009-03-01,days_from_report,0.5035111904144287
2009-03-01,fcf,0.174302875995636
2009-03-01,netinc,0.9963085651397705
2009-03-01,revenue,0.3653952181339264
2009-03-01,sector,0.8969956040382385
2009-03-01,marketcap,0.15051409602165222
2009-03-01,netinc_ratio_total,0.24216945469379425
2009-03-01,netinc_ratio_sector,3.9693312644958496
2009-03-01,fcf_ratio_sector,0.293160617351532
2009-03-01,netinc_prev_1,0.20051909983158112
2009-03-01,fcf_prev_1,0.16667483747005463
2009-03-01,ep_diff_from_total,0.3666994571685791
2009-03-01,current_60_d_r,1.3446636199951172
2009-04-01,days_from_report,5.25515604019165
2009-04-01,fcf,1.3912194967269897
2009-04-01,revenue,1.1558352708816528
2009-04-01,sector,0.6818780899047852
2009-04-01,marketcap,1.7265701293945312
2009-04-01,netinc_ratio_total,2.028590679168701
2009-04-01,netinc_ratio_sector,2.37884259223938
2009-04-01,fcf_ratio_sector,1.2432390451431274
2009-04-01,netinc_prev_1,0.9441509246826172
2009-04-01,fcf_prev_1,5.493504524230957
2009-04-01,ep_sector_diff_total,1.2094168663024902
2009-04-01,fcfp_diff_from_total,1.3000962734222412
2009-04-01,fcfp_sector_diff_total,1.9183330535888672
2009-04-01,current_60_d_r,3.923562526702881
2009-05-01,days_from_report,2.646799325942993
2009-05-01,fcf,1.091808795928955
2009-05-01,sector,1.3543016910552979
2009-05-01,marketcap,2.7984461784362793
2009-05-01,netinc_prev_1,0.6875772476196289
2009-05-01,fcf_prev_1,4.562197685241699
2009-05-01,ep_diff_from_total,0.19171711802482605
2009-05-01,fcfp_sector_diff_total,0.7744580507278442
2009-05-01,current_60_d_r,2.1759591102600098
2009-06-01,days_from_report,0.6319686770439148
2009-06-01,fcf,3.0763962268829346
2009-06-01,netinc,13.991358757019043
2009-06-01,revenue,1.9646023511886597
2009-06-01,sector,0.755233108997345
2009-06-01,netinc_ratio_total,0.2404567450284958
2009-06-01,fcf_ratio_total,0.24550826847553253
2009-06-01,fcf_ratio_sector,0.5963815450668335
2009-06-01,current_60_d_r,2.236595630645752
2009-07-01,days_from_report,0.4909423291683197
2009-07-01,fcf,2.2821292877197266
2009-07-01,netinc,5.935025215148926
2009-07-01,sector,0.43875837326049805
2009-07-01,marketcap,0.28059062361717224
2009-07-01,fcf_ratio_total,0.424803227186203
2009-07-01,netinc_ratio_sector,6.3022284507751465
2009-07-01,fcf_prev_1,0.10420417785644531
2009-07-01,fcfp_diff_from_total,1.213836908340454
2009-07-01,ep_fcfp_add_sub_sector,0.2221507728099823
2009-07-01,current_60_d_r,1.204634428024292
2009-08-01,days_from_report,0.257343053817749
2009-08-01,fcf,0.6664358377456665
2009-08-01,revenue,8.103507995605469
2009-08-01,marketcap,0.23326344788074493
2009-08-01,netinc_ratio_total,0.24778106808662415
2009-08-01,fcf_ratio_total,0.13981100916862488
2009-08-01,netinc_prev_1,0.9844762086868286
2009-08-01,ep_diff_from_total,3.097062826156616
2009-08-01,current_60_d_r,1.246230125427246
2009-09-01,fcf,1.9424084424972534
2009-09-01,netinc,0.6859096884727478
2009-09-01,revenue,5.175083160400391
2009-09-01,fcf_ratio_sector,0.21275824308395386
2009-09-01,ep_diff_from_total,0.5265597105026245
2009-09-01,current_60_d_r,1.307571291923523
2009-10-01,revenue,0.17632880806922913
2009-10-01,sector,1.66703462600708
2009-10-01,marketcap,0.9090352654457092
2009-10-01,netinc_ratio_total,0.17598217725753784
2009-10-01,fcf_ratio_total,0.3556450605392456
2009-10-01,ep_diff_from_total,1.459894061088562
2009-10-01,fcfp_diff_from_total,0.5035693645477295
2009-10-01,current_60_d_r,4.071626663208008
2009-11-01,days_from_report,0.3852313160896301
2009-11-01,netinc,1.1501859426498413
2009-11-01,revenue,0.8086522817611694
2009-11-01,sector,1.0188697576522827
2009-11-01,marketcap,6.901157379150391
2009-11-01,netinc_ratio_total,1.107620358467102
2009-11-01,fcf_ratio_total,1.7847003936767578
2009-11-01,fcf_ratio_sector,1.4279937744140625
2009-11-01,netinc_prev_1,0.2720690965652466
2009-11-01,fcf_prev_1,0.10760140419006348
2009-11-01,fcfp_diff_from_total,0.23072564601898193
2009-11-01,current_60_d_r,1.8554394245147705
2009-12-01,days_from_report,0.41295814514160156
2009-12-01,netinc,4.320363521575928
2009-12-01,revenue,2.6698973178863525
2009-12-01,sector,0.45558738708496094
2009-12-01,marketcap,0.35433530807495117
2009-12-01,netinc_ratio_total,3.2137081623077393
2009-12-01,fcf_ratio_sector,3.1492843627929688
2009-12-01,netinc_prev_1,0.3784022331237793
2009-12-01,ep_diff_from_total,1.71747887134552
2009-12-01,fcfp_diff_from_total,12.62190055847168
2009-12-01,fcfp_sector_diff_total,2.1108314990997314
2009-12-01,current_60_d_r,2.9735300540924072
2010-01-01,days_from_report,1.0681350231170654
2010-01-01,fcf,0.2032492458820343
2010-01-01,netinc,0.5543280839920044
2010-01-01,revenue,0.9416570663452148
2010-01-01,sector,1.4228425025939941
2010-01-01,marketcap,1.1306579113006592
2010-01-01,netinc_ratio_total,0.6650034785270691
2010-01-01,fcf_ratio_total,1.0244137048721313
2010-01-01,netinc_ratio_sector,0.21832218766212463
2010-01-01,fcf_ratio_sector,0.9079102873802185
2010-01-01,netinc_prev_1,0.5982714295387268
2010-01-01,fcf_prev_1,0.3421872556209564
2010-01-01,ep_diff_from_total,0.287825345993042
2010-01-01,fcfp_diff_from_total,3.8676183223724365
2010-01-01,fcfp_sector_diff_total,1.0239335298538208
2010-01-01,ep_fcfp_add_sub_sector,0.16619369387626648
2010-01-01,current_60_d_r,0.38594719767570496
2010-02-01,days_from_report,0.3825191855430603
2010-02-01,fcf,0.2678079605102539
2010-02-01,revenue,1.2133469581604004
2010-02-01,sector,1.1187832355499268
2010-02-01,marketcap,0.7798270583152771
2010-02-01,fcf_ratio_sector,0.7946738600730896
2010-02-01,netinc_prev_1,0.2978423833847046
2010-02-01,fcfp_diff_from_total,6.254252910614014
2010-02-01,current_60_d_r,1.7690602540969849
2010-03-01,days_from_report,1.817944049835205
2010-03-01,fcf,0.2676210105419159
2010-03-01,netinc,0.8596339821815491
2010-03-01,revenue,0.7976989150047302
2010-03-01,sector,1.011339545249939
2010-03-01,marketcap,1.5485695600509644
2010-03-01,netinc_ratio_total,0.792217493057251
2010-03-01,fcf_ratio_total,0.6882770657539368
2010-03-01,netinc_prev_1,1.1667362451553345
2010-03-01,fcf_prev_1,0.9394444227218628
2010-03-01,ep_diff_from_total,1.0208203792572021
2010-03-01,fcfp_diff_from_total,3.168245792388916
2010-03-01,fcfp_sector_diff_total,0.8348696827888489
2010-03-01,ep_fcfp_add_sub_sector,2.107930898666382
2010-04-01,netinc,1.356602430343628
2010-04-01,sector,0.98097825050354
2010-04-01,marketcap,1.0531527996063232
2010-04-01,netinc_ratio_total,0.7613581418991089
2010-04-01,fcf_ratio_total,0.8730918765068054
2010-04-01,fcf_ratio_sector,0.9625333547592163
2010-04-01,netinc_prev_1,1.0156916379928589
2010-04-01,fcfp_diff_from_total,0.9634458422660828
2010-04-01,current_60_d_r,5.986202716827393
2010-05-01,revenue,2.12369704246521
2010-05-01,marketcap,1.706750512123108
2010-05-01,netinc_ratio_total,1.4049321413040161
2010-05-01,current_60_d_r,5.34162712097168
2010-06-01,revenue,1.3297958374023438
2010-06-01,marketcap,0.1932334154844284
2010-06-01,netinc_ratio_total,0.20907694101333618
2010-06-01,netinc_ratio_sector,1.021943211555481
2010-06-01,netinc_prev_1,2.2393367290496826
2010-06-01,ep_diff_from_total,3.463963270187378
2010-06-01,ep_fcfp_add_sub_sector,2.6749322414398193
2010-06-01,current_60_d_r,3.79185152053833
2010-07-01,fcf,3.051363229751587
2010-07-01,netinc,1.0240381956100464
2010-07-01,sector,4.948909759521484
2010-07-01,fcf_ratio_sector,2.2761518955230713
2010-07-01,netinc_prev_1,3.6360855102539062
2010-07-01,ep_diff_from_total,4.928449630737305
2010-07-01,fcfp_diff_from_total,0.8823369145393372
2010-07-01,ep_fcfp_add_sub_sector,13.677160263061523
2010-08-01,days_from_report,2.8731002807617188
2010-08-01,netinc,1.7135868072509766
2010-08-01,revenue,1.1999783515930176
2010-08-01,sector,2.1545016765594482
2010-08-01,netinc_ratio_sector,2.402616024017334
2010-08-01,netinc_prev_1,1.69562828540802
2010-08-01,fcf_prev_1,1.006595253944397
2010-08-01,ep_diff_from_total,2.424811601638794
2010-08-01,fcfp_diff_from_total,1.0306694507598877
2010-08-01,ep_fcfp_add_sub_sector,6.135040283203125
2010-08-01,current_60_d_r,0.1138794794678688
2010-09-01,days_from_report,1.7961695194244385
2010-09-01,netinc,3.7656607627868652
2010-09-01,revenue,0.4564223289489746
2010-09-01,sector,1.675230860710144
2010-09-01,marketcap,0.88664311170578
2010-09-01,netinc_ratio_total,0.43886232376098633
2010-09-01,netinc_ratio_sector,6.022459983825684
2010-09-01,fcfp_diff_from_total,0.7927689552307129
2010-09-01,ep_fcfp_add_sub_sector,0.557410717010498
2010-09-01,current_60_d_r,1.9837819337844849
2010-10-01,days_from_report,2.811279535293579
2010-10-01,fcf,0.6229990720748901
2010-10-01,netinc,1.5976375341415405
2010-10-01,revenue,4.2125773429870605
2010-10-01,marketcap,2.597263813018799
2010-10-01,netinc_ratio_total,4.397305488586426
2010-10-01,fcf_ratio_total,4.638396263122559
2010-10-01,netinc_prev_1,1.209741234779358
2010-10-01,fcf_prev_1,3.374052047729492
2010-10-01,ep_diff_from_total,7.376567840576172
2010-10-01,ep_sector_diff_total,1.930666208267212
2010-10-01,fcfp_diff_from_total,2.454129219055176
2010-10-01,ep_fcfp_add_sub_sector,3.9361250400543213
2010-11-01,days_from_report,4.93665075302124
2010-11-01,fcf,1.8346552848815918
2010-11-01,netinc,2.595473051071167
2010-11-01,sector,1.5550364255905151
2010-11-01,marketcap,0.7490811347961426
2010-11-01,netinc_ratio_total,4.363185405731201
2010-11-01,fcf_ratio_total,1.576185941696167
2010-11-01,netinc_ratio_sector,5.0785064697265625
2010-11-01,netinc_prev_1,4.097369194030762
2010-11-01,fcf_prev_1,1.7622705698013306
2010-11-01,ep_sector_diff_total,1.8014472723007202
2010-11-01,fcfp_sector_diff_total,0.9062934517860413
2010-11-01,ep_fcfp_add_sub_sector,3.7708871364593506
2010-11-01,current_60_d_r,2.6423044204711914
2010-12-01,days_from_report,0.37412744760513306
2010-12-01,netinc,1.46498441696167
2010-12-01,revenue,0.11687573045492172
2010-12-01,sector,2.090836524963379
2010-12-01,marketcap,0.7269611358642578
2010-12-01,netinc_ratio_total,1.01606023311615
2010-12-01,fcf_ratio_total,1.4791488647460938
2010-12-01,netinc_ratio_sector,1.8537713289260864
2010-12-01,netinc_prev_1,2.7053890228271484
2010-12-01,fcf_prev_1,0.8633261919021606
2010-12-01,ep_diff_from_total,1.6862714290618896
2010-12-01,ep_fcfp_add_sub_sector,2.1862194538116455
2010-12-01,current_60_d_r,4.423914909362793
2011-01-01,days_from_report,0.6768701672554016
2011-01-01,fcf,4.720523357391357
2011-01-01,netinc,0.24126391112804413
2011-01-01,revenue,1.5835299491882324
2011-01-01,sector,1.3562145233154297
2011-01-01,marketcap,1.3522100448608398
2011-01-01,fcf_ratio_sector,4.52039909362793
2011-01-01,netinc_prev_1,0.6139803528785706
2011-01-01,fcf_prev_1,1.1440731287002563
2011-01-01,ep_diff_from_total,0.9160276055335999
2011-01-01,ep_sector_diff_total,1.6179214715957642
2011-01-01,fcfp_sector_diff_total,2.6654930114746094
2011-01-01,ep_fcfp_add_sub_sector,1.8357821702957153
2011-01-01,current_60_d_r,3.985969305038452
2011-02-01,days_from_report,0.11965322494506836
2011-02-01,fcf,1.0356290340423584
2011-02-01,netinc,0.5342150330543518
2011-02-01,sector,0.7964061498641968
2011-02-01,netinc_ratio_total,0.9106508493423462
2011-02-01,netinc_prev_1,1.4988811016082764
2011-02-01,fcf_prev_1,2.1139211654663086
2011-02-01,ep_diff_from_total,1.1070163249969482
2011-02-01,fcfp_sector_diff_total,3.9834256172180176
2011-02-01,ep_fcfp_add_sub_sector,1.0906200408935547
2011-02-01,current_60_d_r,0.47836002707481384
2011-03-01,days_from_report,1.1733065843582153
2011-03-01,fcf,1.3126636743545532
2011-03-01,netinc,0.5060402750968933
2011-03-01,revenue,0.3581497371196747
2011-03-01,sector,2.1378872394561768
2011-03-01,marketcap,1.1710803508758545
2011-03-01,netinc_ratio_total,0.7448739409446716
2011-03-01,fcf_ratio_total,1.0254017114639282
2011-03-01,fcf_ratio_sector,1.5337488651275635
2011-03-01,netinc_prev_1,4.630125045776367
2011-03-01,ep_diff_from_total,1.1709470748901367
2011-03-01,fcfp_diff_from_total,0.5502699017524719
2011-03-01,fcfp_sector_diff_total,1.2139220237731934
2011-03-01,ep_fcfp_add_sub_sector,0.45753028988838196
2011-03-01,current_60_d_r,1.1977871656417847
2011-04-01,netinc,5.986508846282959
2011-04-01,revenue,0.33107122778892517
2011-04-01,sector,2.5024938583374023
2011-04-01,fcf_ratio_total,1.1066030263900757
2011-04-01,netinc_ratio_sector,2.291938304901123
2011-04-01,fcf_ratio_sector,0.6969351172447205
2011-04-01,fcf_prev_1,0.8749982118606567
2011-04-01,fcfp_diff_from_total,0.5365397930145264
2011-04-01,fcfp_sector_diff_total,13.509528160095215
2011-04-01,current_60_d_r,1.277656078338623
2011-05-01,days_from_report,1.3148751258850098
2011-05-01,fcf,0.8127704858779907
2011-05-01,revenue,3.008521318435669
2011-05-01,sector,1.8017382621765137
2011-05-01,fcf_ratio_total,4.239843845367432
2011-05-01,netinc_ratio_sector,1.2884349822998047
2011-05-01,fcf_ratio_sector,0.77140873670578
2011-05-01,fcf_prev_1,1.0786529779434204
2011-05-01,fcfp_sector_diff_total,8.265406608581543
2011-05-01,current_60_d_r,1.0419570207595825
2011-06-01,days_from_report,1.8286985158920288
2011-06-01,fcf,1.1696008443832397
2011-06-01,netinc,0.779595673084259
2011-06-01,revenue,1.2205665111541748
2011-06-01,sector,0.8398477435112
2011-06-01,marketcap,3.026566982269287
2011-06-01,fcf_ratio_total,2.590959310531616
2011-06-01,netinc_ratio_sector,1.756818175315857
2011-06-01,fcf_ratio_sector,1.2282469272613525
2011-06-01,netinc_prev_1,0.5063515901565552
2011-06-01,fcf_prev_1,0.3492557108402252
2011-06-01,ep_sector_diff_total,0.14928479492664337
2011-06-01,fcfp_sector_diff_total,1.1758694648742676
2011-06-01,ep_fcfp_add_sub_sector,1.8483444452285767
2011-06-01,current_60_d_r,1.6825302839279175
2011-07-01,days_from_report,1.143284559249878
2011-07-01,fcf,1.9932128190994263
2011-07-01,netinc,1.4849604368209839
2011-07-01,revenue,2.9070773124694824
2011-07-01,sector,1.40733802318573
2011-07-01,marketcap,2.552546262741089
2011-07-01,netinc_ratio_total,1.5070910453796387
2011-07-01,fcf_ratio_total,5.071926116943359
2011-07-01,netinc_ratio_sector,3.9241561889648438
2011-07-01,fcf_ratio_sector,0.13831758499145508
2011-07-01,netinc_prev_1,0.5352582931518555
2011-07-01,fcf_prev_1,1.7734746932983398
2011-07-01,ep_sector_diff_total,1.9968960285186768
2011-07-01,fcfp_sector_diff_total,2.7645246982574463
2011-07-01,current_60_d_r,2.0906808376312256
2011-08-01,days_from_report,1.0369712114334106
2011-08-01,fcf,2.5840375423431396
2011-08-01,netinc,0.18921470642089844
2011-08-01,revenue,8.432435035705566
2011-08-01,sector,1.6861679553985596
2011-08-01,marketcap,6.885709285736084
2011-08-01,netinc_ratio_total,0.2853546142578125
2011-08-01,netinc_ratio_sector,2.225926399230957
2011-08-01,netinc_prev_1,1.9176753759384155
2011-08-01,ep_diff_from_total,3.018763303756714
2011-08-01,ep_sector_diff_total,1.0268367528915405
2011-08-01,current_60_d_r,2.2063004970550537
