date,ticker,label,days_from_report,bdfr,fcf,netinc,revenue,sector,marketcap,netinc_ratio_total,fcf_ratio_total,netinc_ratio_sector,fcf_ratio_sector,netinc_prev_1,fcf_prev_1,ep_diff_from_total,ep_sector_diff_total,fcfp_diff_from_total,fcfp_sector_diff_total,ep_fcfp_add_sub_sector,current_60_d_r,pred
2001-08-16,BN1,0.26466927,2,1,0.8114547193796179,0.800113728809156,19.636767872641315,1,20.4207426002061,0.7949241281541697,0.5952717952223239,0.7975870741722716,0.8375800521801996,0.1367996175593554,0.1374888534225333,0.0051896006549863,-0.0026629460181019,0.216182924157294,-0.2423082569578757,0.4663437277882579,0.528311,0.1728392
2001-08-17,CFFN,0.58099544,4,1,0.7963896509327413,0.7907263983748589,17.65022046028975,3,21.183195433894348,0.7723443458757577,0.3688218893615202,0.7460033183086675,0.4151334102107172,0.1330490927845322,0.1333859901480959,0.0183820524991011,0.0263410275670902,0.427567761571221,-0.0463115208491969,0.4659203073524289,0.6475043,-0.19814792
2001-08-17,DIGL,-1.8391422,3,1,0.7668381624376953,0.8042291438130944,17.356962514261575,0,19.954505686265502,0.7723443458757577,0.3688218893615202,0.8042291438130944,0.7668381624376953,0.1390955989962312,0.1367097491188321,0.0318847979373366,-0.0318847979373366,0.398016273076175,-0.398016273076175,0.8598021420270234,1.6904312,-0.73713493
2001-08-17,NTBKQ,0.31266344,3,1,0.0,0.6973062931587459,16.451849911512483,3,19.454530179845317,0.7723443458757577,0.3688218893615202,0.7460033183086675,0.4151334102107172,0.1340330202380405,0.0,-0.0750380527170118,0.0263410275670902,-0.3688218893615202,-0.0463115208491969,-0.4238894487964253,-1.8400882,-0.076716684
2001-08-22,SWFT1,0.041507453,2,1,0.8380088587658602,0.7617136998080769,20.098814150327765,1,21.30097511776868,0.7617136998080769,0.8380088587658602,0.7617136998080769,0.8380088587658602,0.1308188155943438,0.1353002023932716,0.0,0.0,0.0,0.0,0.0,0.40947312,-0.19814792
2001-11-13,RCRC,1.0067407,4,1,0.6209445177257011,0.8455477582171196,18.002419108413584,1,18.694481251386826,0.8121220691826884,0.579862338754012,0.816495134888669,0.7284976655268172,0.1476616385271855,0.131146448120807,0.0334256890344312,-0.0043730657059806,0.041082178971689,-0.1486353267728051,0.227516260484906,-0.64331484,-0.019754758
2001-11-14,EFX,0.093497016,1,1,0.8190433848979991,0.7908216473309542,18.29123243276545,1,21.99373684110939,0.8091091687200518,0.5214084342182508,0.8234173986503268,0.5655084081445321,0.1298585561118362,0.1314528550175071,-0.0182875213890976,-0.014308229930275,0.2976349506797483,-0.0440999739262812,0.337755633147207,0.008986977,-0.694939
2001-11-15,IVCRQ,0.19830656,1,1,0.7420251159949542,0.8072009980471426,19.4220843851997,6,20.78520863511664,0.7509527021775272,0.3936661388786914,0.8072009980471426,0.7420251159949542,0.1356762439300469,0.1316257859672084,0.0562482958696154,-0.0562482958696154,0.3483589771162628,-0.3483589771162628,0.8092145459717565,0.29182735,0.05257304
2001-11-15,SEBL,-1.1597561,1,1,0.746808440989595,0.7495586705213734,19.87577095715216,0,23.182269905005477,0.7509527021775272,0.3936661388786914,0.7495586705213734,0.746808440989595,0.1231595130680898,0.1230009488049642,-0.0013940316561538,0.0013940316561538,0.3531423021109035,-0.3531423021109035,0.7034965409094994,0.42136785,0.012662352
2001-11-15,TIBB,0.6649767,1,1,0.0,0.6244385047899562,15.783313305666102,3,22.17687843631536,0.7509527021775272,0.3936661388786914,0.6244385047899562,0.0,0.1185084644089685,0.0,-0.1265141973875709,0.1265141973875709,-0.3936661388786914,0.3936661388786914,-1.040360672532525,0.046189,-0.2349311
2001-11-19,ACF,-0.41711813,5,1,0.8440191130029957,0.8475034508052636,19.44253797026926,3,21.45315600237662,0.810573582247282,0.6375341093645265,0.8475034508052636,0.8440191130029957,0.1351974226644532,0.1350053870070987,0.0369298685579815,-0.0369298685579815,0.2064850036384692,-0.2064850036384692,0.4868297443929015,0.4069907,-0.2883335
2002-03-27,DRQ,-0.32518485,2,1,0.0,0.7512746854853549,17.77706630892291,7,19.92007685461865,0.7918143572820334,0.5955097605840287,0.7512746854853549,0.0,0.1358300068620361,0.0,-0.0405396717966785,0.0405396717966785,-0.5955097605840287,0.5955097605840287,-1.2720988647614144,0.0786922,-0.909381
2002-03-28,ROG,0.26322088,1,1,0.7466801914829577,0.7573701268340788,17.688667987170554,0,20.038402061802827,0.7767502339976019,0.8014862458186736,0.7767502339976019,0.8014862458186736,0.1357267571132865,0.1350173640535836,-0.0193801071635231,0.0,-0.0548060543357158,0.0,-0.0741861614992389,0.48535722,-1.4182783
2002-05-07,IPCR,0.19014286,5,1,0.8316895631164787,0.8326291440415794,17.891911763375113,3,21.12396921068458,0.8003817404313817,0.4328988917979288,0.8326291440415794,0.8316895631164787,0.1357340283691198,0.1356805778149087,0.0322474036101977,-0.0322474036101977,0.3987906713185498,-0.3987906713185498,0.8620761498574951,0.55026144,-0.23770007
2002-05-17,MUSE,-0.48153484,3,1,0.7262720878850304,0.6412048445966718,17.48004608868869,0,20.18953273356393,0.7334329633327333,0.782185459755646,0.6412048445966718,0.7262720878850304,0.1268359213475655,0.1330062347835487,-0.0922281187360615,0.0922281187360615,-0.0559133718706156,0.0559133718706156,-0.2962829812133543,-2.2557204,0.26748118
2002-05-17,RSHCQ,-0.34309742,4,1,0.8328700615824537,0.7924213330608346,20.75708738542192,4,22.54991426927461,0.7334329633327333,0.782185459755646,0.7924213330608346,0.8328700615824537,0.1278527797167507,0.1300605222545079,0.0589883697281012,-0.0589883697281012,0.0506846018268076,-0.0506846018268076,0.2193459431098179,-0.28315303,0.26748118
2002-08-12,WCC,1.1205171,3,1,0.8836388288221564,0.8009350643063002,20.558920534762574,1,19.394136627050266,0.7693910263143299,0.8031261325325314,0.7886902565850643,0.8318410011453307,0.1414342609796926,0.1465011809906664,0.0315440379919703,-0.0192992302707344,0.0805126962896249,-0.0287148686127992,0.160070833165129,-0.4687252,-0.10382337
2002-08-14,PHLY,0.40715548,1,1,0.8378806095523438,0.779995464707726,18.48348651474476,3,20.522554237689707,0.8096811810550798,0.5634957680817279,0.7951430537399576,0.6744807791657788,0.135122425901142,0.1386106619955546,-0.0296857163473538,0.0145381273151221,0.2743848414706159,-0.1109850110840509,0.3411460088921908,0.91272855,-0.4223414
2002-08-16,NVLS1,-0.07735909,3,1,0.7712745471539151,0.7354551367161203,19.21884988286608,0,22.16518607442368,0.7367938195772765,0.7308118178138895,0.6825568402986385,0.7005443752397427,0.1259297853836087,0.1280752607751299,-0.0013386828611562,0.054236979278638,0.0404627293400255,0.0302674425741468,-0.0453803753739154,-0.7103567,-1.439497
2002-08-21,SXI,0.1303324,2,1,0.8299035995343745,0.7928301173887521,18.78177590432459,1,19.43828167631238,0.7316541926636138,0.7426070213306516,0.7928301173887521,0.8299035995343745,0.1407067837312037,0.1430578443207715,0.0611759247251383,-0.0611759247251383,0.0872965782037229,-0.0872965782037229,0.2969450058577225,0.09416547,-0.20825645
2002-11-01,BDC,0.6592456,3,1,0.8744562675220955,0.7566725611209276,18.777977494529274,0,19.297240781217965,0.7816899733691733,0.8392432334521712,0.7566725611209276,0.8744562675220955,0.1389389024164922,0.1464359158233664,-0.0250174122482457,0.0250174122482457,0.0352130340699242,-0.0352130340699242,0.020391243643357,-1.372003,-1.5894886
2002-11-13,SFA,1.0430181,1,1,0.8539142385768148,0.7609004969487598,19.55708644561404,0,21.309853014718804,0.7982839334284171,0.6602483472358458,0.7609004969487598,0.8539142385768148,0.1307337438690909,0.1361457084267632,-0.0373834364796572,0.0373834364796572,0.193665891340969,-0.193665891340969,0.3125649097226235,-1.663731,-1.0772718
2002-11-15,NUAN,-0.4687466,1,1,0.7683082649480447,0.7497422156822297,17.156072901089075,0,19.812168251785355,0.7942328505511158,0.7364129268429618,0.7497422156822297,0.7683082649480447,0.1361925877500382,0.1374272635275613,-0.0444906348688861,0.0444906348688861,0.0318953381050829,-0.0318953381050829,-0.0251905935276064,0.6521743,-0.42163396
2002-11-18,LABS1,0.5524051,4,1,0.8041803945184757,0.793383633858964,18.12734888815582,6,19.078225127994767,0.7904348789316751,0.8278692720052383,0.793383633858964,0.8041803945184757,0.1424188687287124,0.1431273589158803,0.0029487549272889,-0.0029487549272889,-0.0236888774867626,0.0236888774867626,-0.0414802451189473,0.83247644,-0.7976974
2002-12-09,BNS,0.6953392,5,1,0.8987997399650627,0.8588706679561386,21.52257321333475,3,23.500275998883595,0.7713545282025162,0.8661536709702661,0.7982253346523851,0.894680559308311,0.1278655295944289,0.1297992048210384,0.0875161397536224,-0.0268708064498689,0.0326460689947966,-0.0285268883380449,0.175559903536333,0.28122434,-0.086071886
2002-12-11,IMKTA,0.19922182,1,1,0.6560602709582849,0.7794636456062894,19.99947308514536,9,19.42078942092171,0.814539753441116,0.7615578686458095,0.7794636456062894,0.6560602709582849,0.1399116597875064,0.1310369748096247,-0.0350761078348265,0.0350761078348265,-0.1054975976875246,0.1054975976875246,-0.2811474110447023,0.20178898,0.6185944
2003-02-07,REMX1,0.009611284,3,1,0.8334681923110855,0.7038717638726565,18.60959717335728,1,18.493429527742105,0.7038717638726565,0.8334681923110855,0.7038717638726565,0.8334681923110855,0.1387658471610956,0.1479041929524316,0.0,0.0,0.0,0.0,0.0,0.09333675,0.038331017
2003-03-24,TPP,0.23674746,3,1,0.8431207058682881,0.8177029913038812,20.55116348574666,7,21.228859243439597,0.7894097637882389,0.634613983437397,0.8177029913038812,0.8431207058682881,0.1344445977374324,0.1358865477796118,0.0282932275156423,-0.0282932275156423,0.2085067224308912,-0.2085067224308912,0.473599899893067,0.2842044,0.33351734
2003-04-01,SKYW,1.0765829,1,1,0.9264225625992544,0.8265504518111233,19.15379355245536,1,20.19710007097847,0.7241485546419414,0.5000201982161591,0.8265504518111233,0.9264225625992544,0.1393786584462806,0.1450264743771276,0.1024018971691819,-0.1024018971691819,0.4264023643830953,-0.4264023643830953,1.0576085231045544,-0.83502775,0.32785493
2003-04-03,EOP,0.075939886,3,1,0.853353283354567,0.8242670706011593,20.57939200231748,2,23.10794287039129,0.8043635354022095,0.5816445039645254,0.8242670706011593,0.853353283354567,0.1275282588060051,0.129028999718124,0.0199035351989498,-0.0199035351989498,0.2717087793900415,-0.2717087793900415,0.5832246291779828,-0.22542107,0.08843193
2003-04-29,CWTRQ,2.3146229,4,1,0.8365807013999799,0.7542925894968345,18.55651323701337,4,18.863958142838587,0.7967941384560313,0.8187979521659682,0.7542925894968345,0.8365807013999799,0.1407593341906374,0.1462482484257857,-0.0425015489591967,0.0425015489591967,0.0177827492340116,-0.0177827492340116,-0.0494375994503701,-0.813753,0.08115875
2003-05-07,CLE,0.90195274,5,1,0.8755644488777761,0.8357649138148143,19.591284958001737,4,20.950926128264943,0.807311141039734,0.5034168221757929,0.807311141039734,0.5034168221757929,0.1366419281635133,0.1388624215468728,0.0284537727750803,0.0,0.3721476267019832,0.0,0.4006013994770635,0.3550649,0.8503328
2003-05-13,CFFN,0.115039155,1,1,0.7983886084791489,0.7588711208782112,17.461169309623646,3,21.52069147443868,0.7534102223186903,0.6925156899985787,0.7750936344535897,0.8095474077135292,0.1297863292444795,0.1321451519270838,0.0054608985595209,-0.0216834121348994,0.1058729184805702,-0.1170317177149504,0.250048946889941,0.7380547,-1.119929
2003-05-14,RS,0.7030266,5,1,0.8292257374923102,0.7701225618111942,19.92658535923656,8,20.17149071739072,0.7984516393165123,0.3247652931319176,0.7701225618111942,0.8292257374923102,0.1359872053931648,0.1396529109523182,-0.0283290775053181,0.0283290775053181,0.5044604443603926,-0.5044604443603926,0.952262733710149,-0.406384,1.4578757
2003-05-15,TSCO,0.794668,2,1,0.0,0.5717206486542846,19.42776236810816,4,20.527628386186127,0.7381024368146385,0.4157980916145821,0.5717206486542846,0.0,0.1199684091716013,0.0,-0.1663817881603538,0.1663817881603538,-0.4157980916145821,0.4157980916145821,-1.164359759549872,1.85101,-0.39681828
2003-06-10,HAE,0.8405665,1,1,0.8099344531086811,0.769863421014259,18.2084894965961,6,19.892442372501623,0.7345618990297721,0.7704956633810323,0.769863421014259,0.8099344531086811,0.1371776111272334,0.1397283385615627,0.0353015219844868,-0.0353015219844868,0.0394387897276488,-0.0394387897276488,0.1494806234242713,-0.41827402,0.058934666
2003-06-26,CTEC1,-0.08060056,1,1,0.0,0.8313870488228898,16.416717663448434,6,18.781555551218883,0.764613699516471,0.455642208690779,0.8313870488228898,0.0,0.1463252318595886,0.0,0.0667733493064188,-0.0667733493064188,-0.455642208690779,0.455642208690779,-0.7777377187687203,0.6775901,0.68359035
2003-08-04,ESCA,0.5242687,3,1,0.0,0.792977911214433,17.72426823801545,4,18.44719350527555,0.7986485755909245,0.4241199610215818,0.792977911214433,0.0,0.1454395939505762,0.0,-0.0056706643764915,0.0056706643764915,-0.4241199610215818,0.4241199610215818,-0.8595812507961468,0.35149685,1.2385927
2003-08-07,PFFVF,0.6065601,2,1,0.8122431759891174,0.7084998485697074,17.2654663572602,1,19.3160265316144,0.7554090617140287,0.7605763182571839,0.7084998485697074,0.8122431759891174,0.1354486495294202,0.1425230821269083,-0.0469092131443212,0.0469092131443212,0.0516668577319335,-0.0516668577319335,0.0095152891752245,-0.28408492,0.46288925
2003-08-11,ATAR1,-1.8325815,3,1,0.8635708390432915,0.8732058376269256,18.835151842775435,0,19.45115254135394,0.82378880733385,0.4533473593008491,0.8732058376269256,0.8635708390432915,0.1456120582011634,0.1450416355166637,0.0494170302930756,-0.0494170302930756,0.4102234797424424,-0.4102234797424424,0.919281020071036,-0.44147557,-2.1272414
2003-08-15,BJS,0.6698478,2,1,0.799244961510636,0.7887262760128511,20.119183922700632,7,22.464538408900857,0.7725680491555931,0.3849781252773363,0.7887262760128511,0.799244961510636,0.1279617679798691,0.1285515040434071,0.0161582268572579,-0.0161582268572579,0.4142668362332996,-0.4142668362332996,0.8608501261811152,0.08244115,-2.1346903
2003-08-15,TRMK,0.099062584,2,1,0.0,0.8151267606033515,18.494172812190488,3,21.168209626268453,0.7725680491555931,0.3849781252773363,0.8262912636132158,0.0,0.1345455717433853,0.0,0.0425587114477584,-0.0537232144576227,-0.3849781252773363,0.3849781252773363,-0.6736743246492914,0.23925002,0.045562673
2003-08-18,NKSH,0.10085623,4,1,0.7948912743689758,0.7887536294026063,15.9247535908809,3,18.821450071153475,0.7829270783301342,0.7284716782363296,0.7887536294026063,0.7948912743689758,0.1433309286368156,0.143742763440516,0.005826551072472,-0.005826551072472,0.0664195961326461,-0.0664195961326461,0.1444922944102364,0.791993,1.4297965
2003-10-13,IMKTA,0.5196104,5,1,0.0,0.7830401843151232,20.037354287953853,9,19.268684192841462,0.7830401843151232,0.0,0.7830401843151232,0.0,0.140845628425617,0.0,0.0,0.0,0.0,0.0,0.0,-0.16251896,2.3813028
2003-10-30,HLYW,-0.052534543,1,1,0.822365359885863,0.816350921463945,19.81185816351319,5,20.621610774259395,0.7374812190796404,0.7723077828727577,0.816350921463945,0.822365359885863,0.1369160080596516,0.137271967630433,0.0788697023843045,-0.0788697023843045,0.0500575770131053,-0.0500575770131053,0.2578545587948198,0.34282237,-0.8194174
2003-10-31,FFIV,0.8452967,1,1,0.756923906371437,0.6937181416200069,17.26971143744873,0,20.350966855478536,0.7422069818709075,0.8272250165136689,0.6937181416200069,0.756923906371437,0.1300890962046791,0.1343737568305006,-0.0484888402509006,0.0484888402509006,-0.0703011101422318,0.0703011101422318,-0.2375799007862649,0.12188979,-1.0792109
2003-11-14,RS,0.8069079,1,1,0.8429052300641835,0.7903348518818809,20.01111319127207,8,20.66138101797825,0.7835168098252631,0.4036915661678264,0.7903348518818809,0.8429052300641835,0.1351781734171888,0.1382949937776218,0.0068180420566178,-0.0068180420566178,0.4392136638963571,-0.4392136638963571,0.8920634119059498,0.111285776,-0.5581447
2003-11-17,BKH,0.08420587,4,1,0.9415894401520596,0.8162383223378163,19.50877794232071,10,20.737244763726764,0.7767687869246335,0.6716129067756434,0.8162383223378163,0.9415894401520596,0.1364155399978732,0.1433047371264329,0.0394695354131828,-0.0394695354131828,0.2699765333764162,-0.2699765333764162,0.6188921375791983,-0.59997547,1.7712909
2004-02-13,APD,0.27734256,1,1,0.7682821334760086,0.807292478621661,21.244972051808613,8,23.159879071281384,0.7513268328996776,0.4321195643000562,0.807292478621661,0.7682821334760086,0.1264407371428191,0.1243021680029178,0.0559656457219833,-0.0559656457219833,0.3361625691759523,-0.3361625691759523,0.7842564297958714,0.072961904,-0.052023847
2004-02-20,IRF,-0.08236883,2,1,0.7922343816099265,0.7624147959533172,19.34618490156843,0,21.82816225084028,0.8052248368681232,0.8098684999288015,0.7624147959533172,0.7922343816099265,0.1288214935539849,0.1305791552729772,-0.042810040914806,0.042810040914806,-0.0176341183188749,0.0176341183188749,-0.1208883184673619,0.010950589,-0.8414806
2004-03-15,CCBG,0.0045628008,3,1,0.7525172994003405,0.7768498691201341,17.202778034092933,3,20.11089143136949,0.7681078314824622,0.5553952193029833,0.7845505961165719,0.5359882267977929,0.1366798370936993,0.1350974543546546,0.0087420376376718,-0.0164427646341096,0.1971220800973572,0.0194069925051904,0.2028998898639483,0.72505325,0.3073224
2004-03-17,BANR,0.38502896,2,1,0.8373922256362077,0.7828835225573231,16.989430857030612,3,19.54061279365422,0.7834399509295229,0.4349760385782403,0.8104530518546055,0.4239778401969252,0.1395925339674245,0.1430370852363847,-0.0005564283721998,-0.0270131009250825,0.4024161870579674,0.010998198381315,0.4178746612295351,0.28404513,-0.19247797
2004-03-17,MTCH,-0.47689655,2,1,0.779246999494026,0.7968196032152511,21.31360645994156,5,23.67597617710294,0.7834399509295229,0.4349760385782403,0.7968196032152511,0.779246999494026,0.1240638982767095,0.1231220051064078,0.0133796522857282,-0.0133796522857282,0.3442709609157857,-0.3442709609157857,0.7153012264030278,-0.0029678834,-0.37151378
2004-03-19,REVUQ,-0.34680828,4,1,0.0,0.7601274671513129,17.11389971964475,9,19.177376374281245,0.7731432224757465,0.6216672746959772,0.7601274671513129,0.0,0.139719953257049,0.0,-0.0130157553244336,0.0130157553244336,-0.6216672746959772,0.6216672746959772,-1.2693660600408216,-0.23082606,-0.13767487
2004-04-13,CWTRQ,1.1568352,1,1,0.8521409791822762,0.7786824126383232,18.944426541644432,4,20.12284490286767,0.7786824126383232,0.8521409791822762,0.7786824126383232,0.8521409791822762,0.1367452635591409,0.1412251820455242,0.0,0.0,0.0,0.0,0.0,0.6714064,0.24631698
2004-05-11,CASB,0.21072102,4,1,0.8041624602374716,0.7888200045046163,15.923296572653252,3,18.712724807743925,0.7408241394048876,0.5546423343389342,0.771238825618424,0.837524740126852,0.1438586136316421,0.1448880281230824,0.0479958650997287,-0.0304146862135364,0.2495201258985374,-0.2828824057879178,0.6108130829997205,0.78353125,-0.35009998
2004-05-13,IMKTA,1.2946272,3,1,0.8083062817461678,0.8151730921981997,20.071374117266604,9,19.37150679274296,0.7902533600703968,0.5707046789975753,0.8151730921981997,0.8083062817461678,0.1424488290308916,0.1420121347879446,0.0249197321278028,-0.0249197321278028,0.2376016027485925,-0.2376016027485925,0.5250426697527908,-0.07299942,-0.38476336
2004-05-13,MHK,-0.017561376,3,1,0.0,0.8076579899447818,21.053476367081625,4,22.298802530893006,0.7902533600703968,0.5707046789975753,0.8076579899447818,0.0,0.1296444679041582,0.0,0.0174046298743849,-0.0174046298743849,-0.5707046789975753,0.5707046789975753,-1.1066000982463806,0.15964606,-0.62573576
2004-05-13,MTD,0.37972224,3,1,0.7932558865860628,0.7815720840417362,19.57978901871271,6,21.418183398854225,0.7902533600703968,0.5707046789975753,0.7815720840417362,0.7932558865860628,0.1315607540092901,0.1322535516821975,-0.0086812760286606,0.0086812760286606,0.2225512075884875,-0.2225512075884875,0.4277398631196538,0.12332323,-0.53743434
2004-06-16,BDC,0.51181525,2,1,0.7981880663322668,0.7640264260134461,18.818926521961014,0,19.76232859170659,0.7077284940758816,0.7724778776316786,0.7640264260134461,0.7981880663322668,0.137363601414602,0.139576997674305,0.0562979319375644,-0.0562979319375644,0.0257101887005881,-0.0257101887005881,0.1640162412763053,-0.35392085,-0.36982945
2004-06-17,WSTL,-0.76154995,3,1,0.737324737885116,0.8559175471893735,17.94424044371447,0,19.617113742732016,0.8216152916216402,0.3659096743811445,0.8559175471893735,0.737324737885116,0.1437938904539628,0.1361910578632593,0.0343022555677333,-0.0343022555677333,0.3714150635039714,-0.3714150635039714,0.8114346381434097,1.058121,-1.5190768
2004-08-10,CVNS1,1.3022592,1,1,0.770224506775619,0.8020428756580351,18.359964242915165,0,19.322013247038708,0.7707069125993554,0.6096051570954146,0.7647030929156238,0.4953256185066814,0.1418409035344341,0.1397458823143937,0.0313359630586796,0.0060038196837316,0.1606193496802044,0.1142795385887332,0.0716719544664192,0.70967644,-0.81740594
2004-08-10,WDHD,0.26497725,4,1,0.0,0.7522068719602847,17.779233774977936,0,18.99975295322113,0.7707069125993554,0.6096051570954146,0.7647030929156238,0.4953256185066814,0.1399850874901319,0.0,-0.0185000406390707,0.0060038196837316,-0.6096051570954146,0.1142795385887332,-0.7483885560069503,-0.17492466,-0.20183177
2004-08-11,HBAN,0.02246351,2,1,0.8374560076326873,0.8258970481097088,19.89238186201413,3,22.420645340260908,0.7181852996167223,0.8203233880377545,0.8029555166859678,0.8074998045459133,0.1301789937241446,0.1307988959280439,0.1077117484929864,-0.0847702170692454,0.0171326195949328,0.0128235834918412,0.1967910016653236,0.19442655,-0.8894316
2004-08-13,EXAC,-0.2413381,4,1,0.7579671252256512,0.7503962064522751,16.8309474147926,6,19.25220598210066,0.7747357041248837,0.721330591690117,0.7503962064522751,0.7579671252256512,0.1387099076569905,0.1392313373562506,-0.0243394976726085,0.0243394976726085,0.0366365335355342,-0.0366365335355342,0.0245940717258512,0.8062822,-0.023997787
2004-08-13,RS,0.80002654,4,1,0.7733219408635372,0.8499055465714523,20.449854780732142,8,20.92228365918249,0.7747357041248837,0.721330591690117,0.8499055465714523,0.7733219408635372,0.1375655155192273,0.1330521565128339,0.0751698424465686,-0.0751698424465686,0.0519913491734201,-0.0519913491734201,0.2543223832399777,0.44628713,0.4671276
2004-09-14,DXLG,0.9096755,5,1,0.5637258603271331,0.6039706220255037,18.484303220649316,4,19.04542159772632,0.6600179115281726,0.4603487608468064,0.6039706220255037,0.5637258603271331,0.1282511391420575,0.1246304533364859,-0.0560472895026689,0.0560472895026689,0.1033770994803267,-0.1033770994803267,0.0946596199553155,0.17574982,0.32985902
2004-11-09,TRI1,0.41794237,1,1,0.7741135435346492,0.8153217188244616,20.829785680324083,6,21.723209099592005,0.7993420571500751,0.6473900239899232,0.8220127861957409,0.7932397999973503,0.132310503616911,0.1299230008206665,0.0159796616743864,-0.0226707290456658,0.126723519544726,-0.1458497760074271,0.3112236862722054,-0.073419936,-3.5865312
2004-11-10,SIAL,0.5500728,1,1,0.8074941901897661,0.807094320361817,19.646219326192863,8,22.11167225797047,0.7863680486497073,0.4980759942909439,0.807094320361817,0.8074941901897661,0.1303289435632144,0.1303513444491208,0.0207262717121097,-0.0207262717121097,0.3094181958988222,-0.3094181958988222,0.6602889352218638,0.2635189,-0.45549187
2004-11-11,DNB3,0.35461852,2,1,0.7872475487694077,0.7986569537881161,19.624253468256963,0,22.13245647604338,0.776540848392961,0.7834634861675877,0.7986569537881161,0.7872475487694077,0.1297741795284328,0.1291240590672148,0.022116105395155,-0.022116105395155,0.00378406260182,-0.00378406260182,0.0518003359939502,0.5316984,-0.46632436
2004-11-12,HXL,0.15326498,3,1,0.8142550173541924,0.7494748819143765,19.38804474601052,1,20.37976982183744,0.743385549588809,0.2750737033515855,0.7850637965496536,0.4289667428073034,0.1337679611753784,0.13783575992567,0.0060893323255675,-0.0416782469608446,0.5391813140026068,-0.1538930394557179,0.7408419327447369,1.4900912,-3.5865312
2004-11-19,CNQ,1.2836047,3,1,0.8414665906730668,0.8451399836665542,21.310496791914808,7,23.12322062999425,0.7635183791637504,0.5743454478147124,0.8102564692077929,0.8300441983055573,0.1285540789525983,0.1283656984445649,0.0816216045028037,-0.0467380900440425,0.2671211428583544,-0.2556987504908449,0.6511795878960456,0.92266846,-0.46632436
2004-12-14,PLL1,0.45892555,4,1,0.7124900466825246,0.7671498947305692,19.8431430864547,1,22.02017734804284,0.8063906165483967,0.8068877423915827,0.7671498947305692,0.7124900466825246,0.1283770822424315,0.1250203304540774,-0.0392407218178275,0.0392407218178275,-0.0943976957090581,0.0943976957090581,-0.2672768350537713,0.24759257,-0.25530759
2004-12-15,IKN,0.3149605,5,1,0.8331524009987069,0.8053103086745159,20.87671798714436,0,21.18081152826268,0.7593505648173946,0.5529476867293008,0.7329082571161908,0.4202752679456369,0.1339215946570296,0.13552629710253,0.0459597438571213,0.0264423077012038,0.2802047142694061,0.1326724187836638,0.1670497316416597,0.45389855,-2.3000238
2005-02-08,CFFN,-0.024138734,4,1,0.7955626082119684,0.7704244376756851,17.674491372154872,3,21.72467363790336,0.7698845922967044,0.3968980270046156,0.7704244376756851,0.7955626082119684,0.1296974581686303,0.131175407501338,0.0005398453789807,-0.0005398453789807,0.3986645812073529,-0.3986645812073529,0.7984088531726673,0.24356568,0.05983088
2005-03-03,TPP,0.007424974,2,1,0.8047444989996926,0.8028747499310487,21.308581117158266,7,21.74915550689839,0.8003431389587237,0.8414145631470015,0.8028747499310487,0.8047444989996926,0.1315002034784123,0.1316071552347751,0.002531610972325,-0.002531610972325,-0.0366700641473088,0.0366700641473088,-0.0682769063499677,0.3348475,0.06902543
2005-03-09,MATV,-0.13887957,2,1,0.8241062736351766,0.8072145314860545,18.96242347035308,8,20.07430827263213,0.82133057234308,0.398754328343368,0.8072145314860545,0.8241062736351766,0.1387482426039109,0.1397799106921084,-0.0141160408570255,0.0141160408570255,0.4253519452918086,-0.4253519452918086,0.8224718088695661,0.4012771,0.570846
2005-03-16,FSBK,0.12638925,2,1,0.7819890097324991,0.7881891381844186,16.11247287272715,3,18.93953404672438,0.7559828491906645,0.7036623177163018,0.7032826940136307,0.7092215805584622,0.1427297147011185,0.1423127351852497,0.0322062889937541,0.0527001551770337,0.0783266920161972,-0.0055592628421603,0.0633920886750779,0.13427259,-0.055385213
2005-03-17,TIBB,-0.23674896,1,1,0.5805468746288706,0.6020691398351907,16.124673966318444,3,23.421630780207987,0.6857789730350666,0.6292199102554664,0.6020691398351907,0.5805468746288706,0.1129843187471571,0.1114301254167445,-0.0837098331998759,0.0837098331998759,-0.0486730356265958,0.0486730356265958,-0.2647657376529435,0.5425558,-0.3837455
2005-05-06,AOS,0.5135547,3,1,0.7558475191986399,0.801451140855359,19.829714592041743,1,20.55742297359033,0.7639485254597668,0.4376577395071169,0.7843323495180788,0.7286154744301515,0.1362958200625136,0.1334460295522716,0.0375026153955921,-0.020383824058312,0.318189779691523,-0.2909577349230346,0.6670339540684619,0.04624978,0.025992127
2005-05-11,MBI,-0.497557,1,1,0.8537446052388907,0.8402111010659168,20.09231944716044,3,22.75183549751369,0.8402111010659168,0.8537446052388907,0.8402111010659168,0.8537446052388907,0.1296837662064208,0.1303860796927176,0.0,0.0,0.0,0.0,0.0,0.31104589,0.1737002
2005-06-03,BNS,0.5152994,3,1,0.0,0.8488864241293708,21.662882394124065,3,24.18710530392008,0.828173046633478,0.5190796827218496,0.8216285091618744,0.3545669208231486,0.1249421845576686,0.0,0.0207133774958927,0.0065445374716036,-0.5190796827218496,0.1645127618987009,-0.6694236045962614,0.5977509,0.017202321
2005-06-14,SFFS,0.22567208,1,1,0.7331646617464016,0.7277378838160693,15.74876958946603,3,19.133764055075144,0.7790208829292433,0.242636554450182,0.7688822937758177,0.3455493084864506,0.1376436007620075,0.1380318873443983,-0.051282999113174,0.0101385891534255,0.4905281072962196,-0.1029127540362686,0.5320192730658886,0.48113227,-0.8899144
2005-08-01,SWY,0.22406247,4,1,0.8176949999057603,0.8102070390465841,22.89835840942518,9,23.096997996877725,0.7125664177163151,0.4484514734495155,0.8102070390465841,0.8176949999057603,0.1268232864036256,0.127221588709259,0.0976406213302689,-0.0976406213302689,0.3692435264562448,-0.3692435264562448,0.9337682955730277,0.17192866,-0.27993703
2005-08-04,OIS,0.033331394,1,1,0.8158109200867848,0.8034555353938558,19.697352742856435,7,21.193965068394945,0.788583416996506,0.4176003200864306,0.8034555353938558,0.8158109200867848,0.1337589748512027,0.1344790273515012,0.0148721183973498,-0.0148721183973498,0.3982106000003542,-0.3982106000003542,0.826165436795408,1.0259012,-0.5998594
2005-08-05,BLS,0.49466032,2,1,0.8511240485537255,0.8320109032605942,22.360707945790107,5,24.631711666643536,0.795366566861427,0.196961287890702,0.8320109032605942,0.8511240485537255,0.1226112505870224,0.1235333278110902,0.0366443363991672,-0.0366443363991672,0.6541627606630234,-0.6541627606630234,1.3816141941243811,0.26453653,0.45484957
2005-08-10,KEYN,0.07459595,1,1,0.7442177612876504,0.7256280790292423,16.415604284227836,0,19.330262890059625,0.7727197864323844,0.763126171583669,0.7256280790292423,0.7442177612876504,0.1366227777136075,0.1379314037955364,-0.047091707403142,0.047091707403142,-0.0189084102960186,0.0189084102960186,-0.1320002353983214,0.32981262,-0.9148509
2005-08-10,SKYW,0.19463588,2,1,0.7943699159523991,0.8119706943545607,19.76626508344947,1,20.9670360687172,0.7727197864323844,0.763126171583669,0.8119706943545607,0.7943699159523991,0.1351960503127127,0.1341508378716744,0.0392509079221763,-0.0392509079221763,0.0312437443687301,-0.0312437443687301,0.1409893045818129,0.4127444,-0.4661757
2005-08-11,NKSH,-0.15963015,2,1,0.7766274420951464,0.7908350750351457,16.09492937292648,3,18.921198872337456,0.7870901914350972,0.2630482616022657,0.7908350750351457,0.7766274420951464,0.142993956694331,0.1420358413326982,0.0037448836000485,-0.0037448836000485,0.5135791804928806,-0.5135791804928806,1.0346481281858584,0.01913002,-0.5633156
2005-08-12,BANR,0.11050753,4,1,0.7699159620727155,0.7871375935948408,17.217973804747665,3,19.600313194081973,0.7641750888008491,0.6013260079564192,0.7871375935948408,0.7699159620727155,0.1395994699415773,0.1384708299437909,0.0229625047939917,-0.0229625047939917,0.1685899541162963,-0.1685899541162963,0.3831049178205761,0.5224422,1.0761753
2005-08-15,MNR,0.033576265,5,1,0.7937065675952726,0.793467300719337,15.6601649299868,2,18.83274981724368,0.768346003817201,0.6996928400548786,0.793467300719337,0.7937065675952726,0.143593179079186,0.1436091884526718,0.025121296902136,-0.025121296902136,0.0940137275403939,-0.0940137275403939,0.2382700488850599,0.1697184,-0.3971198
2005-09-19,FEIM,-0.21688698,5,1,0.0,0.7564382292273446,16.218574269524538,0,18.439432501243918,0.7564382292273446,0.0,0.7564382292273446,0.0,0.1429196391809374,0.0,0.0,0.0,0.0,0.0,0.0,0.26261538,-0.12358979
2005-11-04,TPP,-0.035988297,4,1,0.0,0.7937662823278626,21.64107381721687,7,21.72807183365928,0.7708830341969618,0.384353068431826,0.78948460305582,0.0,0.1310580553762646,0.0,0.0228832481309008,-0.0186015688588582,-0.384353068431826,0.384353068431826,-0.727221319873893,0.23674746,-0.12509571
2005-11-08,NVLS1,0.014967169,1,1,0.8050810397410456,0.7764916504205011,19.641150718565758,0,21.85327735515308,0.7997929357108597,0.6113577523786193,0.7764916504205011,0.8050810397410456,0.1295632443756401,0.1312177812470611,-0.0233012852903586,0.0233012852903586,0.1937232873624262,-0.1937232873624262,0.3408440041441352,-0.62909687,0.3068996
2005-11-09,BEXP,-0.62971306,5,1,0.0,0.7856159021568664,17.043385766629275,7,20.18017915754624,0.780250135242666,0.3322917831075499,0.7220974577214522,0.0,0.1369370207862855,0.0,0.0053657669142004,0.0581526775212137,-0.3322917831075499,0.3322917831075499,-0.7173704768221132,0.81093025,-0.33393615
2005-12-12,BCSI,0.4899944,4,1,0.7366942541030892,0.7553448901117004,17.418341807452755,0,20.17693499607355,0.7742795990036972,0.4865419868323442,0.7553448901117004,0.7366942541030892,0.1350036214484421,0.1337645086251816,-0.0189347088919968,0.0189347088919968,0.2501522672707449,-0.2501522672707449,0.4624351167574961,1.7107904,-0.5365187
2005-12-16,BJS,-0.19605784,2,1,0.7855271900962457,0.805567666777579,20.609290542632856,7,23.232441475336483,0.7892461675907944,0.439493724927934,0.805567666777579,0.7855271900962457,0.1260884083365857,0.1250040568304136,0.0163214991867846,-0.0163214991867846,0.3460334651683117,-0.3460334651683117,0.7247099287101926,0.8692202,-0.36953214
2006-02-13,IKN,-0.03097775,5,1,0.0,0.8082513676975703,20.76523565246803,0,21.199943203480714,0.7081964214561766,0.448635377690869,0.7709715789636522,0.3760033567593264,0.1340152803767997,0.0,0.1000549462413937,-0.0627751575074756,-0.448635377690869,0.0726320209315425,-0.3584372948735421,0.050729424,0.44884288
2006-03-07,FINB,0.19955845,5,1,0.8068632629963737,0.7899781698059736,16.935184640712443,3,19.905868036690524,0.7116328584339418,0.7375239401814242,0.7899781698059736,0.8068632629963737,0.1384146922073545,0.1394771378784572,0.0783453113720318,-0.0783453113720318,0.0693393228149494,-0.0693393228149494,0.2953692683739626,0.490027,-0.01593633
2006-03-20,GNCMA,-0.6074399,4,1,0.8593122117341413,0.7878098389537413,18.53481267799728,5,20.267779971621547,0.7953275823450653,0.4353003622761851,0.7878098389537413,0.8593122117341413,0.136696465824732,0.1409828541705424,-0.0075177433913239,0.0075177433913239,0.4240118494579561,-0.4240118494579561,0.8329882121332645,0.29611605,0.06274536
2006-04-04,TRLG,0.37553084,4,1,0.7750256052670716,0.7617869124086273,17.053056408192848,4,19.84862809174149,0.7697953683128034,0.747009892984819,0.7617869124086273,0.7750256052670716,0.1368379957301697,0.1377060251834496,-0.008008455904176,0.008008455904176,0.0280157122822526,-0.0280157122822526,0.040014512756153,2.0015872,0.5195359
2006-04-28,PZZA,-0.15295441,3,1,0.808049268883701,0.7971710699661518,19.30588939398348,4,20.808863865439257,0.787241857372533,0.8051393530373714,0.7971710699661518,0.808049268883701,0.1349758007267414,0.1356271450272554,0.0099292125936187,-0.0099292125936187,0.0029099158463296,-0.0029099158463296,0.0256782568798967,0.9933953,-0.39156377
2006-05-05,FINB,0.21729217,1,1,0.8257378459464588,0.8294190487714286,17.055913013376756,3,19.886201851641022,0.796981803159889,0.7982531134892251,0.8294190487714286,0.8257378459464588,0.1409518204307399,0.1407281392494789,0.0324372456115396,-0.0324372456115396,0.0274847324572337,-0.0274847324572337,0.1198439561375466,0.5658584,0.16318165
2006-05-11,IVCRQ,-0.5015503,2,1,0.7297997761071333,0.7482929344782993,19.70633675574976,6,20.66772746281161,0.7649632707950955,0.6293492447299863,0.7482929344782993,0.7297997761071333,0.1325067148671786,0.1312959234159471,-0.0166703363167962,0.0166703363167962,0.1004505313771469,-0.1004505313771469,0.1675603901207014,-0.39836693,0.32261977
2006-05-11,PFS,-0.52470016,1,1,0.8205948146500528,0.7860911225020732,17.730748390294362,3,20.914018230907224,0.7649632707950955,0.6293492447299863,0.7860911225020732,0.8205948146500528,0.1338689232569738,0.1359228921736061,0.0211278517069777,-0.0211278517069777,0.1912455699200664,-0.1912455699200664,0.4247468432540884,-0.064149186,-0.073811546
2006-05-19,PNRG,-0.30409345,4,1,0.0,0.7861194823074911,16.940163611585106,7,19.330763427705023,0.7592106817584877,0.2768014330143159,0.7861194823074911,0.0,0.1407627439068405,0.0,0.0269088005490033,-0.0269088005490033,-0.2768014330143159,0.2768014330143159,-0.4997852649306251,1.6481279,0.32889012
2006-08-02,OVV,-0.32526723,5,1,0.8085296793220983,0.8747391718520154,22.05931898162956,7,24.569591594772376,0.82993610783062,0.8118445907505337,0.8747391718520154,0.8085296793220983,0.1248567777807223,0.1216532908671145,0.0448030640213954,-0.0448030640213954,-0.0033149114284354,0.0033149114284354,0.08297630518592,0.9269456,0.17293864
2006-08-10,IBAS,-1.9762433,1,1,0.7965446248826351,0.6693753074953902,18.66224557678696,5,19.03212982853179,0.7241899434117741,0.7991681979573525,0.6693753074953902,0.7965446248826351,0.1337064342820301,0.1428456244297958,-0.0548146359163839,0.0548146359163839,-0.0026235730747173,0.0026235730747173,-0.1148764179822026,0.4297866,-0.49007085
2006-08-15,ESCA,-3.0155349,4,1,0.0,0.7402934760844913,17.706289497722924,4,18.70475652205161,0.7618218936863356,0.6422351640894048,0.7584475064780974,0.4163688257104675,0.1405027253781699,0.0,-0.0215284176018443,0.0033743872082381,-0.6422351640894048,0.2258663383789372,-0.8930043072784246,-0.64340067,-0.6569594
2006-10-31,SNBR,-4.4172516,4,1,0.8441402460655631,0.7892862942203407,19.15455711472638,4,20.84205036524158,0.782453229401326,0.8247920287093204,0.7892862942203407,0.8441402460655631,0.1343604099465582,0.1375841588507705,0.0068330648190146,-0.0068330648190146,0.0193482173562427,-0.0193482173562427,0.0523625643505147,0.2708615,-0.11863685
2006-11-14,MECK,-2.213225,5,1,0.6836558159796602,0.7228803279652974,17.335497875595916,0,19.12551822752209,0.7573301955553311,0.454925942295772,0.7278497780456518,0.345044006040874,0.1373302335107321,0.1344132360028908,-0.0344498675900336,0.0294804175096793,0.2287298736838881,0.109881936254898,0.054917652329277,-0.6056548,-0.8720586
2006-11-14,PHLY,0.26268643,5,1,0.8575922083569145,0.8368283615720779,19.564960867070287,3,21.88512973454252,0.7573301955553311,0.454925942295772,0.8368283615720779,0.8575922083569145,0.1328605834442085,0.13398050914442,0.0794981660167467,-0.0794981660167467,0.4026662660611425,-0.4026662660611425,0.9643288641557785,0.88900495,-3.720188
2006-11-14,WNC,-0.8942962,5,1,0.0,0.7754273411206092,19.707955554049104,1,19.88935033494561,0.7573301955553311,0.454925942295772,0.7754273411206092,0.0,0.1375531824649994,0.0,0.018097145565278,-0.018097145565278,-0.454925942295772,0.454925942295772,-0.8736575934609879,-0.67065805,0.21474361
2006-11-15,HGRD,-0.83577627,1,1,0.0,0.733390151355629,15.79618300719259,0,18.756791388592685,0.7281104770929104,0.5749806483672658,0.733390151355629,0.0,0.1397615609051979,0.0,0.0052796742627185,-0.0052796742627185,-0.5749806483672658,0.5749806483672658,-1.1394019482090945,1.7380152,-0.38508525
2006-12-11,MOV,-1.2242326,4,1,0.820458375492003,0.8312906203213896,18.929135559572355,4,20.331411921949545,0.7609035071752849,0.3409014181436696,0.8312906203213896,0.820458375492003,0.1390651699251643,0.1384200460745916,0.0703871131461046,-0.0703871131461046,0.4795569573483333,-0.4795569573483333,1.099888140988876,0.65211195,-0.3653945
2007-02-26,SRCE,-0.37156957,3,1,0.8278058586692925,0.785660761542731,17.611583846180327,3,20.250737825816387,0.7824981626604172,0.5772887309025827,0.785660761542731,0.8278058586692925,0.1366350733351541,0.1392154019614062,0.0031625988823138,-0.0031625988823138,0.2505171277667097,-0.2505171277667097,0.5073594532980472,0.10451843,0.112447165
2007-03-02,SKYW,-0.8517271,1,1,0.8208425436690737,0.8142509012202795,20.486981320113458,1,21.194246028681683,0.8142509012202795,0.8208425436690737,0.8142509012202795,0.8208425436690737,0.1343875596813675,0.134767981520948,0.0,0.0,0.0,0.0,0.0,0.46591392,-0.4911758
2007-03-06,SSD,-0.32776502,5,1,0.8319896484718599,0.7919724646348705,19.00609236845535,8,21.140841049927303,0.7617412851462187,0.4472671055763527,0.7919724646348705,0.8319896484718599,0.133295458922998,0.1356271246572023,0.0302311794886517,-0.0302311794886517,0.3847225428955071,-0.3847225428955071,0.8299074447683177,0.2370227,-0.7033092
2007-03-19,BNE1,-0.92452335,5,1,0.8221270836157264,0.7294651639065738,19.036531026982736,1,19.86524308533181,0.6907052114000555,0.4315348192500639,0.7294651639065738,0.8221270836157264,0.1345831988579071,0.1406029274911111,0.0387599525065183,-0.0387599525065183,0.3905922643656624,-0.3905922643656624,0.8587044337443616,0.048360415,-1.0412419
2007-03-29,BCSI,-0.30583528,1,1,0.7994327729862813,0.5283559811778045,17.667953395943577,0,20.14820552146464,0.594856223015352,0.4242868508394751,0.5283559811778045,0.7994327729862813,0.1173866432038116,0.1379409391518624,-0.0665002418375475,0.0665002418375475,0.3751459221468062,-0.3751459221468062,0.6172913606185173,0.5322168,-0.86325437
2007-04-30,APD,-0.012760829,3,1,0.0,0.8177798233855385,21.628819128277826,8,23.53090613137368,0.7751635415528415,0.2224807014743663,0.8177798233855385,0.0,0.1256710027201053,0.0,0.0426162818326969,-0.0426162818326969,-0.2224807014743663,0.2224807014743663,-0.3597288392833387,0.35425025,0.112520635
2007-05-04,D,-0.09052095,1,1,0.821055144417739,0.8241828248270247,22.273378283295692,10,24.183229840576224,0.7924757016450519,0.6847590172646462,0.8241828248270247,0.821055144417739,0.1237343618688835,0.1235771411196803,0.0317071231819727,-0.0317071231819727,0.1362961271530928,-0.1362961271530928,0.3360065006701311,0.18779795,-0.3088169
2007-05-04,PFFVF,-0.5923571,1,1,0.7623699195203701,0.7698801479068716,17.65961868209378,1,20.64487149047877,0.7924757016450519,0.6847590172646462,0.78655798796008,0.3788145145848671,0.1339774145626093,0.1335025773087003,-0.0225955537381802,0.0059177136849718,0.0776109022557239,0.305944502679779,-0.2568468678472071,0.86494887,-0.47254866
2007-05-11,OXPS,-0.750671,1,1,0.8155474911940732,0.7980947727984606,17.81788601942297,3,21.142006925630817,0.7671650662174674,0.7443117641524438,0.7744071765335121,0.7978942290697483,0.1336549550468119,0.1346781456461954,0.0309297065809932,-0.0072421103160447,0.0712357270416294,-0.0535824649173044,0.1629900088559718,0.42807913,-1.4034932
2007-05-11,WCC,-0.87808406,1,1,0.8305443726560103,0.8114920540772332,21.095212768157253,1,21.79934817720308,0.7671650662174674,0.7443117641524438,0.8114920540772332,0.8305443726560103,0.1317929032621378,0.1328574654235623,0.0443269878597658,-0.0443269878597658,0.0862326085035665,-0.0862326085035665,0.2611191927266647,0.83524394,-0.8484908
2007-05-14,CRK,0.3548302,4,1,0.0,0.778875576698724,18.79931579008524,7,20.98649509583855,0.7473448951652085,0.6378051455732393,0.778875576698724,0.0,0.1331320527665823,0.0,0.0315306815335154,-0.0315306815335154,-0.6378051455732393,0.6378051455732393,-1.2125489280794477,0.3893835,-0.12433292
2007-05-14,CRNS,0.0139155425,5,1,0.8247620208351639,0.7874793404709823,17.455015927460412,1,18.603311129458955,0.7473448951652085,0.6378051455732393,0.7874793404709823,0.8247620208351639,0.1442980457058971,0.1467845788167753,0.0401344453057738,-0.0401344453057738,0.1869568752619246,-0.1869568752619246,0.4541826411353968,0.33685446,-0.28681815
2007-06-07,ESL,-0.449757,2,1,0.8383797033490235,0.8047018680900723,19.559410779216364,1,20.87626600166364,0.7704727214567577,0.8220976633430753,0.8047018680900723,0.8383797033490235,0.1351453126292131,0.1371092292537393,0.0342291466333145,-0.0342291466333145,0.0162820400059481,-0.0162820400059481,0.1010223732785253,0.26887318,-0.16173874
2007-08-03,SRE,-0.13626352,1,1,0.0,0.8314868134503792,21.701967828941964,10,23.37923795025008,0.8034479124622832,0.5258312201364173,0.8314868134503792,0.0,0.1269206690361976,0.0,0.028038900988096,-0.028038900988096,-0.5258312201364173,0.5258312201364173,-0.9955846382966425,0.31265283,-0.555348
2007-08-03,XRAY,-0.04678889,1,1,0.8215421978165935,0.8014252617422954,20.04473531072068,6,22.45566509495557,0.8034479124622832,0.5258312201364173,0.8014252617422954,0.8215421978165935,0.1287060237864693,0.1298100473423064,-0.0020226507199877,0.0020226507199877,0.2957109776801763,-0.2957109776801763,0.5873766539203771,0.318168,-0.7209225
2007-08-10,CRK,0.30559194,1,1,0.0,0.7956807220653748,18.975749064958297,7,21.010771429296224,0.7721339213864918,0.2135702454418959,0.7956807220653748,0.0,0.1340492406178719,0.0,0.0235468006788829,-0.0235468006788829,-0.2135702454418959,0.2135702454418959,-0.3800468895260261,0.19627598,-0.5381612
2007-08-13,BJS,-0.30748475,4,1,0.7810440126615671,0.8333259138285797,20.865214950934373,7,22.72964145884653,0.7919026253543222,0.4375094145704783,0.8333259138285797,0.7810440126615671,0.129405446579892,0.1265548377672477,0.0414232884742574,-0.0414232884742574,0.3435345980910887,-0.3435345980910887,0.7699157731306924,0.020602979,-0.34718806
2007-08-31,ACF,0.2074227,2,1,0.9059462299700478,0.8539007018801841,20.25389081008879,3,21.407349331448497,0.740232513309019,0.8115434786802994,0.8539007018801841,0.9059462299700478,0.1357381466843202,0.1385019191469247,0.1136681885711651,-0.1136681885711651,0.0944027512897484,-0.0944027512897484,0.416141879721827,-0.41371146,-2.069398
2007-10-16,INDT,-0.247736,5,1,0.6826807466399692,0.7679830816433024,16.312675105147775,2,19.06422325630357,0.7482296471989804,0.3277747241945777,0.7679830816433024,0.6826807466399692,0.1407781392057317,0.1346021529107578,0.0197534344443219,-0.0197534344443219,0.3549060224453915,-0.3549060224453915,0.7493189137794269,0.44521987,-0.4886054
2007-10-29,SRCE,-0.22312884,3,1,0.0,0.7839980077904928,17.642737911687703,3,19.93462375237163,0.7473274190638554,0.4965748474508048,0.6959312915685898,0.3109715447718039,0.1379062550347166,0.0,0.0366705887266374,0.0513961274952655,-0.4965748474508048,0.1856033026790008,-0.6969036888984339,-0.19990447,-0.86613625
2007-11-02,WLL2,0.23125145,2,1,0.8121496969924121,0.819936457282911,19.26881254223097,7,21.56351787796437,0.7094051996335068,0.7909736736412631,0.819936457282911,0.8121496969924121,0.1332099188557042,0.1327674044608311,0.1105312576494041,-0.1105312576494041,0.0211760233511489,-0.0211760233511489,0.2634145620011063,0.45508072,-0.71411526
2007-11-05,SHS,-0.4571935,3,1,0.7701554464493289,0.7434349531191333,19.928685972244388,1,20.87617316131611,0.7657141242830066,0.3672699573671716,0.7434349531191333,0.7701554464493289,0.1313523528955832,0.133043807456312,-0.0222791711638732,0.0222791711638732,0.4028854890821572,-0.4028854890821572,0.7612126358365681,0.0314821,-0.24024385
2007-11-06,ATI,-0.74004275,4,1,0.8207522333465684,0.8278859113521876,21.012197128798626,1,23.05010009053641,0.8196014474993281,0.8287478636006126,0.8278859113521876,0.8207522333465684,0.1279296045510006,0.1275541580603979,0.0082844638528595,-0.0082844638528595,-0.0079956302540441,0.0079956302540441,0.0005776671976307,1.4369628,-0.0013004942
2007-11-08,PHLY,0.43208754,2,1,0.8623530467965118,0.8456742814570244,19.789689058528737,3,21.736970834510256,0.7985616723346467,0.628851870411296,0.8456742814570244,0.8623530467965118,0.1339374080455674,0.1348358993137061,0.0471126091223776,-0.0471126091223776,0.2335011763852158,-0.2335011763852158,0.561227571015187,0.40195954,-0.024756175
2007-11-12,BEXP,1.082021,5,1,0.8765363434075765,0.782843035897634,17.25419638403742,7,19.475857293591613,0.79857501996532,0.4417866441374901,0.79857501996532,0.4417866441374901,0.1398835749221646,0.1456879898525747,-0.0157319840676859,0.0,0.4347496992700863,0.0,0.4190177152024004,-0.6971201,-0.2829584
2007-11-12,EPEXQ,-5.9107966,4,1,0.0,0.8145616450476519,17.690537573705694,7,19.16563846774188,0.79857501996532,0.4417866441374901,0.79857501996532,0.4417866441374901,0.1433823270685049,0.0,0.0159866250823319,0.0,-0.4417866441374901,0.0,-0.4258000190551582,-0.99745846,-0.2829584
2007-11-13,ILA,-0.060168557,5,1,0.73178016419267,0.8278935596833099,19.695205204229246,10,21.15829061259685,0.7604666517903058,0.4944237059762413,0.8278935596833099,0.73178016419267,0.1353210043419647,0.129488564918581,0.0674269078930041,-0.0674269078930041,0.2373564582164286,-0.2373564582164286,0.6095667322188655,0.03970748,-0.13445176
2007-11-14,MBCRQ,-1.9962298,5,1,0.846941368846765,0.7960748858331822,16.516066077304224,3,18.851630453900903,0.7901996092977326,0.8203662354055745,0.7960748858331822,0.846941368846765,0.1436765585407616,0.1469621210902475,0.0058752765354496,-0.0058752765354496,0.0265751334411904,-0.0265751334411904,0.0649008199532801,0.3009965,-0.0615768
2008-02-15,WWY,0.3154581,4,1,0.8215444650451149,0.8028605791623862,21.076891536661638,9,23.48982966344131,0.7851195216264601,0.5358955595884126,0.77625704864818,0.495494973018161,0.1250325517133169,0.1260119112521464,0.017741057535926,0.0088624729782801,0.2856489054567023,0.0404005865702516,0.2541269034440965,0.065970406,-0.25187743
2008-02-25,EXPE,-0.10438919,3,1,0.0,0.7945481060112302,20.31575163087023,1,22.648565859869347,0.7455473395187329,0.0,0.7945481060112302,0.0,0.1276069665651049,0.0,0.0490007664924972,-0.0490007664924972,0.0,0.0,0.0980015329849945,0.2499468,-0.39279228
2008-02-25,TARO,0.52872884,5,1,0.0,0.8112688224304685,18.21187146432131,6,19.410553507314628,0.7455473395187329,0.0,0.8112688224304685,0.0,0.14201867571017,0.0,0.0657214829117356,-0.0657214829117356,0.0,0.0,0.1314429658234712,-0.64287204,-1.3911786
2008-03-13,GEF,-0.15818565,2,1,0.0,0.8195571747400464,20.556375011682977,4,21.86697965366155,0.7783290215820914,0.4703891515301215,0.8041326149357484,0.3767142797157652,0.1319792056754431,0.0,0.041228153157955,-0.025803593353657,-0.4703891515301215,0.0936748718143562,-0.4970322768328657,0.7864013,-0.026994139
2008-03-13,GKNT,-0.27193362,2,1,0.8205352670785687,0.7859603721231179,16.901905866415508,4,18.560644323596485,0.7783290215820914,0.4703891515301215,0.8041326149357484,0.3767142797157652,0.1444020202514757,0.1467214719508568,0.0076313505410264,-0.025803593353657,0.3501461155484472,0.0936748718143562,0.2899061876287744,0.0,-0.33748722
2008-03-18,ASGN,-0.2944865,1,1,0.8368993697883012,0.7595988826863584,18.83965420208532,0,19.23662182758351,0.752545152987293,0.5379783229567173,0.7595988826863584,0.8368993697883012,0.139413827552623,0.1444517873806405,0.0070537296990654,-0.0070537296990654,0.2989210468315838,-0.2989210468315838,0.6119495530612986,-0.3120311,-0.44126537
2008-04-24,WPM,0.82667863,2,1,0.791534980363752,0.7767528867628392,17.732322080124217,8,21.92441949938392,0.7997357160897506,0.5008809125123395,0.7767528867628392,0.791534980363752,0.1293064132020378,0.1301662676051322,-0.0229828293269114,0.0229828293269114,0.2906540678514125,-0.2906540678514125,0.5353424770490023,0.66732645,-0.04619383
2008-05-01,TRW,0.6629404,1,1,0.0,0.845646257855788,22.144927341903596,4,21.7097931548644,0.812629649316134,0.3099886351868217,0.8471849702774179,0.0,0.134045925435662,0.0,0.0330166085396539,-0.0345553209612838,-0.3099886351868217,0.3099886351868217,-0.5524053408727057,-0.0333365,-0.45066133
2008-05-12,ATI,-0.49748474,3,1,0.0,0.8248077932368411,21.01846955079704,1,22.75843871685558,0.7757740846914705,0.4356177653054973,0.8040695085375738,0.4955336818917266,0.1288458820933956,0.0,0.0490337085453705,-0.0282954238461032,-0.4356177653054973,-0.0599159165862293,-0.2983727163277941,0.37861606,-0.5472187
2008-06-13,SIGM,-0.5342942,1,1,0.8132758046097373,0.7713052472245209,17.856489504585124,0,19.909143727712685,0.7622541242100155,0.4913668329634877,0.7609979591405389,0.7229549425739101,0.1371986698367564,0.139860064510309,0.0090511230145053,0.0012561650694765,0.3219089716462495,-0.2315881096104223,0.5612920392017007,0.10556053,0.2205793
2008-07-28,APD,-0.02561781,3,1,0.8056097565091196,0.7614818183817016,21.755738323109977,8,23.724050812398136,0.785782466025224,0.6132872669540033,0.7614818183817016,0.8056097565091196,0.1219859279379799,0.1243604446950401,-0.0243006476435223,0.0243006476435223,0.1923224895551163,-0.1923224895551163,0.3360436838231879,0.42284578,0.19224988
2008-07-30,TUNE1,-0.13826148,2,1,0.7411920686125049,0.7558679066237805,17.096872799843915,0,18.99977102450732,0.7890518628137605,0.7834227053970461,0.7558679066237805,0.7411920686125049,0.140240547086487,0.1392085956706334,-0.03318395618998,0.03318395618998,-0.0422306367845412,0.0422306367845412,-0.1508291859490425,-0.43408075,-0.24410924
2008-08-08,FI,0.055790737,1,1,0.0,0.8055470050793103,20.98177653209791,0,22.854818268843594,0.788191360002077,0.4778732879499002,0.8055470050793103,0.0,0.1274535725068211,0.0,0.0173556450772333,-0.0173556450772333,-0.4778732879499002,0.4778732879499002,-0.921035285745334,0.13766609,-0.033144504
2008-08-11,TEG,0.0058445274,4,1,0.0,0.7710536988227737,21.95208733924174,10,22.087149555778684,0.776053246638341,0.3842233047694598,0.7710536988227737,0.0,0.1283551190983801,0.0,-0.0049995478155672,0.0049995478155672,-0.3842233047694598,0.3842233047694598,-0.7784457051700541,-0.07995249,0.4116168
2008-08-12,HEW,0.19229275,5,1,0.833430474083506,0.8000844837661418,20.49332297260389,0,22.109954704957136,0.8000844837661418,0.833430474083506,0.8000844837661418,0.833430474083506,0.1299410167230388,0.1317878299815838,0.0,0.0,0.0,0.0,0.0,0.424511,-0.6254303
2008-08-15,PFS,-0.22346143,4,1,0.7949256675590458,0.7815629990944584,17.681196388184055,3,20.667287102208444,0.8054906596117295,0.6302745843002474,0.8090343199167037,0.8150525827016588,0.1346133425213193,0.1354336171232139,-0.0239276605172711,-0.0035436603049742,0.1646510832587984,-0.1847779984014114,0.3290450814479129,-0.07292664,-0.5082596
2008-11-03,RCL,0.7438641,5,1,0.8711029740325903,0.9082083444640908,21.447615613609265,1,21.841089347791204,0.8255736815537129,0.8055849930875137,0.9082083444640908,0.8711029740325903,0.1367839995604874,0.1348741309206283,0.0826346629103779,-0.0826346629103779,0.0655179809450765,-0.0655179809450765,0.2963052877109089,-1.0916046,-0.6151489
2008-11-10,WPM,2.3534324,5,1,0.8329522712022775,0.8194169834006774,17.488540062648145,8,20.53072019383747,0.8540205649048216,0.4427896965485765,0.8241323156148904,0.769100307643337,0.1374895812899325,0.1382875684704258,-0.0346035815041442,0.0298882492899311,0.3901625746537011,-0.3263106110947605,0.6519813549543862,-1.0730634,-0.41902
2008-11-11,WTI,0.30621564,5,1,0.9281945280785684,0.8692212476445903,19.48467743296976,7,20.908988659091865,0.8546493926317548,0.6731023556401197,0.8692212476445903,0.9281945280785684,0.1386973615672257,0.141836855280754,0.0145718550128355,-0.0145718550128355,0.2550921724384488,-0.2550921724384488,0.5393280549025687,-0.77965635,-0.3999704
2008-11-12,BKH,0.3768147,2,1,0.0,0.916878110273184,19.491894428802663,10,20.636239736122317,0.8844260040920879,0.2196009901640842,0.916878110273184,0.0,0.1424808027261624,0.0,0.032452106181096,-0.032452106181096,-0.2196009901640842,0.2196009901640842,-0.3742977679659762,-0.41215414,-0.41028962
2008-11-12,HWKN,0.7934094,2,1,0.7055495859530135,0.83578638958394,18.20235600100909,8,18.827565865657167,0.8844260040920879,0.2196009901640842,0.8676225593234946,0.3333086518104072,0.1463779158510722,0.1373806820540185,-0.0486396145081479,0.0168034447685933,0.4859485957889293,-0.113707661646323,0.5342131981585112,0.038265515,-0.4388081
2008-11-12,RS,0.91173494,5,1,0.0,0.8961290180211106,21.66827462938834,8,21.02672903147497,0.8844260040920879,0.2196009901640842,0.8676225593234946,0.3333086518104072,0.139637675073834,0.0,0.0117030139290226,0.0168034447685933,-0.2196009901640842,-0.113707661646323,-0.1109937593573318,-0.75313497,-0.34702712
2008-11-14,MYE,0.4284978,4,1,0.8246267045083349,0.7292050981566385,19.18127668647551,4,19.3249063185294,0.7945172276411908,0.6078082778281978,0.7292050981566385,0.8246267045083349,0.1369007672486473,0.1432643567173895,-0.0653121294845523,0.0653121294845523,0.216818426680137,-0.216818426680137,0.3030125943911694,-0.8529878,-0.9277033
2008-12-08,MOV,0.364307,4,1,0.0,0.8583947481143355,18.72703244916317,4,19.304657602606365,0.8149385246114199,0.2635416905706982,0.8583947481143355,0.0,0.1454392636866146,0.0,0.0434562235029155,-0.0434562235029155,-0.2635416905706982,0.2635416905706982,-0.4401709341355654,-0.8696555,-0.5264346
2008-12-16,GIL,1.063992,5,1,0.852535177386283,0.8088784788087406,19.598464591723488,4,20.868254935023685,0.8088784788087406,0.852535177386283,0.8088784788087406,0.852535177386283,0.1354268732878163,0.1379458082969545,0.0,0.0,0.0,0.0,0.0,-0.9313435,-1.0022941
2009-02-11,BJS,0.7247011,2,1,0.8329565510349043,0.8589767501052463,21.082087874229657,7,21.911015522467245,0.8143725176609368,0.8187235007296149,0.8589767501052463,0.8329565510349043,0.13394979687959,0.1325459197216285,0.0446042324443095,-0.0446042324443095,0.0142330503052894,-0.0142330503052894,0.1176745654991979,-1.0983155,-0.2682339
2009-02-12,ALKS,0.12561437,3,1,0.722760463540678,0.8900665709960479,18.86319112373288,6,20.83032176584541,0.8671441317060516,0.776213154647889,0.8900665709960479,0.722760463540678,0.1401778961951583,0.1301819680021124,0.0229224392899962,-0.0229224392899962,-0.0534526911072109,0.0534526911072109,-0.0610605036344293,-0.19880903,-0.61941576
2009-04-27,AN,0.6767899,3,1,0.8474695419420295,0.7954789221003215,21.628738261384687,4,21.82253200901115,0.7895023863657341,0.8251270402446489,0.7954789221003215,0.8474695419420295,0.13078831023205,0.1336894652795633,0.0059765357345873,-0.0059765357345873,0.0223425016973806,-0.0223425016973806,0.0566380748639359,-0.2938576,0.27180308
2009-05-13,HTH,-0.10203471,5,1,0.7966990229903699,0.6963432780481803,17.27195341385241,3,20.27742665522723,0.7534182451518651,0.8213270129092637,0.7279640476831447,0.8164184022894161,0.1305686268907888,0.1372082374303339,-0.0570749671036847,0.0254541974687203,-0.0246279899188938,0.0049086106198475,-0.1120657651111465,-0.048202034,0.13566417
2009-05-14,ACF,0.83184415,3,1,0.9208148943163204,0.7642790722972946,20.021721498735094,3,21.067245221519183,0.7724653428666365,0.8425853183361268,0.7754842749054992,0.8443459340540302,0.1319060545077145,0.1407504017577469,-0.0081862705693418,-0.0030189320388627,0.0782295759801935,-0.0017606157179034,0.0748228531676178,-0.8521288,0.55929625
2009-05-28,TARO,1.0335798,2,1,0.0,0.8242836597406621,18.256902197941287,6,19.68110828113805,0.8075926623216625,0.620838286552498,0.8242836597406621,0.0,0.1415783402174216,0.0,0.0166909974189995,-0.0166909974189995,-0.620838286552498,0.620838286552498,-1.2082945782669967,0.22314355,0.08404538
2009-08-05,AACC,-0.41028443,2,1,0.8386814698992441,0.7098504354126296,17.709001969191338,3,19.22077582768881,0.7156070220324583,0.6414365628073235,0.7098504354126296,0.8386814698992441,0.1359617741923562,0.1446386708956221,-0.0057565866198286,0.0057565866198286,0.1972449070919205,-0.1972449070919205,0.3829766409441837,-0.15963009,-1.4959601
2009-08-26,DXLG,0.09771544,1,1,0.8561120704961626,0.8093668498040839,18.403046164740555,4,18.66105669382547,0.7578848275170191,0.8302811046076686,0.8093668498040839,0.8561120704961626,0.1454867140321946,0.1484956013033179,0.0514820222870647,-0.0514820222870647,0.0258309658884939,-0.0258309658884939,0.1546259763511175,-1.3344781,1.1919422
2009-11-03,DCO,-0.46042404,1,1,0.8030776989055556,0.8191666375625303,18.5151087165445,1,19.09067694845792,0.8205154993192207,0.479170950553628,0.8191666375625303,0.8030776989055556,0.144035350567635,0.1429963063350471,-0.0013488617566904,0.0013488617566904,0.3239067483519275,-0.3239067483519275,0.6451157731904741,-0.43323976,-0.20357692
2009-11-06,ROG,0.31015494,3,1,0.7573090686294822,0.7856861402656853,18.2101942530312,0,19.9328560819851,0.8039679360834495,0.8104016356754664,0.7856861402656853,0.7573090686294822,0.1380219442398144,0.1361764511055426,-0.0182817958177642,0.0182817958177642,-0.0530925670459841,0.0530925670459841,-0.1427487257274968,-0.22494626,-0.45792705
2009-11-09,SKYW,-0.31488866,3,1,0.8652960284368659,0.8346750629808422,20.27345377895619,1,20.568157021601056,0.8125724104634381,0.4892800365871283,0.8179963817026726,0.8183803270965921,0.1382248942001222,0.1399765909987499,0.022102652517404,-0.0054239712392345,0.3760159918497376,-0.3291002905094638,0.73264290611584,-0.5359616,0.38316274
2009-11-10,HOSSQ,0.54715323,1,1,0.0,0.8098423720481027,18.316275327597516,7,20.298139344714837,0.8104251512128064,0.5463653893465388,0.8098423720481027,0.0,0.1379246404679513,0.0,-0.0005827791647037,0.0005827791647037,-0.5463653893465388,0.5463653893465388,-1.093896337022485,-0.0395587,0.38401374
2009-11-10,TRLG,0.43540272,1,1,0.8018098061671031,0.819545304157846,18.227375082144817,4,20.085065310949865,0.8104251512128064,0.5463653893465388,0.819545304157846,0.8018098061671031,0.1394554051244355,0.1383661256685558,0.0091201529450395,-0.0091201529450395,0.2554444168205643,-0.2554444168205643,0.5291291395312077,0.251246,0.06836277
2009-11-12,BFS,0.24662869,3,1,0.0,0.7999789325102186,17.511191827197138,2,20.09803246560684,0.8070017920272312,0.5688179709445447,0.7999789325102186,0.0,0.1381952209361933,0.0,-0.0070228595170126,0.0070228595170126,-0.5688179709445447,0.5688179709445447,-1.1516816609231146,-0.376669,-0.79308635
2009-11-17,GILT,-0.2123326,1,1,0.0,0.7738859725687948,17.816276773226807,0,19.033034487406663,0.7931812082416121,0.6107485420360538,0.7738859725687948,0.0,0.1413250940072306,0.0,-0.0192952356728173,0.0192952356728173,-0.6107485420360538,0.6107485420360538,-1.2600875554177422,-0.7283884,-0.5342379
2009-12-04,CFFN,-0.2233141,4,1,0.7781303771850113,0.7739308769608186,17.72276219851353,3,21.499528304414877,0.7891089709653688,0.807212955719001,0.7739308769608186,0.7781303771850113,0.1307823241570093,0.1310340285963638,-0.0151780940045501,0.0151780940045501,-0.0290825785339896,0.0290825785339896,-0.0885213450770796,-0.110292055,-0.31852052
2009-12-08,TD,0.17182466,5,1,0.0,0.8395585607231129,22.274650817931896,3,24.695378187725264,0.8040280958704538,0.3960665619435108,0.8395585607231129,0.0,0.1227653626903032,0.0,0.035530464852659,-0.035530464852659,-0.3960665619435108,0.3960665619435108,-0.7210721941817035,0.05285381,-0.45730793
2010-02-09,ORIT,0.42133456,1,1,0.0,0.7424739035923769,16.378689117719368,3,20.004684797042064,0.7675730086084617,0.2747931486892636,0.7424739035923769,0.0,0.1348783526334446,0.0,-0.0250991050160848,0.0250991050160848,-0.2747931486892636,0.2747931486892636,-0.5997845074106969,-0.09496822,-0.389427
2010-02-10,FARM,-0.24324776,1,1,0.0,0.729853795617625,18.604875545128,9,19.406698442510333,0.760347430782713,0.4250292288653068,0.729853795617625,0.0,0.1365872330109899,0.0,-0.030493635165088,0.030493635165088,-0.4250292288653068,0.4250292288653068,-0.9110457280607898,-0.34667343,0.37541607
2010-02-12,MTD,0.6343099,3,1,0.7701398154039728,0.8251485468079466,20.05321389629516,6,21.88205371736635,0.8013940289897383,0.6813623627284167,0.7907080981725035,0.7720249555046438,0.1322305036433523,0.1290776300171676,0.0237545178182082,0.0106859308172347,0.0887774526755561,-0.0906625927762271,0.1925086324527567,0.00021205084,-0.14941564
2010-02-16,EXPE,-0.2244971,5,1,0.0,0.8166492975655645,20.363038877778425,1,22.58337411357332,0.7937710411992878,0.5599924481951244,0.8166492975655645,0.0,0.1290625762817539,0.0,0.0228782563662767,-0.0228782563662767,-0.5599924481951244,0.5599924481951244,-1.0742283836576954,-0.308651,0.41421014
2010-02-16,GOOGL,0.03524909,4,1,0.8354886337249894,0.8272638335507007,22.62145899577509,5,25.87249383714796,0.7937710411992878,0.5599924481951244,0.8272638335507007,0.8354886337249894,0.1184094892303836,0.1187918673208066,0.0334927923514128,-0.0334927923514128,0.275496185529865,-0.275496185529865,0.6179779557625558,-0.18181702,-0.31982005
2010-02-25,ETP,0.5885943,2,1,0.842686511018511,0.8297487587904632,21.23464230896764,7,21.465546262176527,0.7952918612715578,0.6041815722422945,0.8297487587904632,0.842686511018511,0.1341599599136145,0.1348807457201032,0.0344568975189053,-0.0344568975189053,0.2385049387762164,-0.2385049387762164,0.5459236725902437,0.15684414,-0.3968932
2010-03-02,AKAM,0.28467208,1,1,0.8249547589047116,0.7858903068939902,19.28906192380437,0,22.27586707861297,0.7736411798571107,0.6814647858823376,0.7840753129422864,0.8238667069609505,0.1285052489150714,0.1306830013202926,0.0122491270368795,-0.0104341330851757,0.1434899730223739,-0.1424019210786129,0.3085751542230421,-0.116122045,0.17980522
2010-03-02,BEXP,0.7277295,1,1,0.0,0.692820356715584,16.882493153046433,7,21.29097269254992,0.7736411798571107,0.6814647858823376,0.692820356715584,0.0,0.1264056210853346,0.0,-0.0808208231415267,0.0808208231415267,-0.6814647858823376,0.6814647858823376,-1.5245712180477289,1.0806141,-0.38456503
2010-03-02,CLH,0.8368553,1,1,0.7656349064290647,0.7778577980236431,19.66474599674454,1,21.146514083298783,0.7736411798571107,0.6814647858823376,0.7778577980236431,0.7656349064290647,0.1324219921884653,0.1316730131434457,0.0042166181665324,-0.0042166181665324,0.0841701205467271,-0.0841701205467271,0.176773477426519,0.06480206,0.27445933
2010-03-02,WEX,0.8095889,4,1,0.8227045003132888,0.7821366205404838,18.243704873483164,0,20.854553295330252,0.7736411798571107,0.6814647858823376,0.7840753129422864,0.8238667069609505,0.1338722734173407,0.1362970509591942,0.0084954406833731,-0.0104341330851757,0.1412397144309511,-0.1424019210786129,0.302571209278113,-0.11778303,0.2813245
2010-03-08,NCIT,-1.6286525,3,1,0.0,0.7945262714941355,18.64523929368396,0,19.789308225610828,0.7947258915581454,0.5298359491352743,0.7945262714941355,0.0,0.1392232889087139,0.0,-0.0001996200640099,0.0001996200640099,-0.5298359491352743,0.5298359491352743,-1.0600711383985686,0.43264782,0.34954855
2010-03-12,MATV,0.35081652,4,1,0.6283830615091592,0.7884859686583918,19.05460856485234,8,20.527637704158742,0.753633317513324,0.6102596759012587,0.7948645754456781,0.3267590642061675,0.1356284406059138,0.1245718999816035,0.0348526511450678,-0.0412312579323541,0.0181233856079005,0.2835006116950912,-0.1892933170097687,0.63103646,-0.1672639
2010-03-16,KMG,0.12733935,4,1,0.0,0.8011102245176066,17.62514640071399,8,18.96432152182409,0.8124120290618823,0.5651051996009533,0.8011102245176066,0.0,0.1434695495615566,0.0,-0.0113018045442756,0.0113018045442756,-0.5651051996009533,0.5651051996009533,-1.152814008290458,0.101829164,-0.20403579
2010-05-03,EME,-0.009579681,4,1,0.0,0.7913579388824731,20.915712626789,1,21.353422023208847,0.7761438621876263,0.2998090495891779,0.7913579388824731,0.0,0.1324006572200561,0.0,0.0152140766948467,-0.0152140766948467,-0.2998090495891779,0.2998090495891779,-0.5691899457886623,0.08932526,-0.26888463
2010-05-03,EXTR,-0.09030878,3,1,0.0,0.7715508105142208,18.1747418416083,0,19.593441619719588,0.7761438621876263,0.2998090495891779,0.7739943224447308,0.3977475102349124,0.1386097553328898,0.0,-0.0045930516734055,0.0021495397428955,-0.2998090495891779,-0.0979384606457345,-0.2086131803597444,0.016854266,-0.0018480606
2010-05-06,KMT,0.058640357,1,1,0.7970695774586242,0.7440656376570337,20.01635436161061,1,21.619179868964576,0.78846393759285,0.8568991598346971,0.7675088064262766,0.8232702986934439,0.1284949229822952,0.1316778707626087,-0.0443982999358163,0.0209551311665734,-0.0598295823760729,0.0336288611412531,-0.1588118746197159,-0.026668267,-0.26888463
2010-05-10,ELS,0.2221666,4,1,0.8284715530148855,0.7893841181807623,18.699433064582983,2,21.23799642343796,0.7728350650961034,0.5782554245927747,0.7893841181807623,0.8284715530148855,0.1327474386266418,0.1350230514296478,0.0165490530846588,-0.0165490530846588,0.2502161284221108,-0.2502161284221108,0.5335303630135393,0.044173572,0.2635931
2010-05-11,AKAM,0.017499221,1,1,0.7861180848994087,0.7749812588816031,19.29627030733984,0,22.61487278321577,0.7743338300843371,0.8104807220329509,0.7462306197195229,0.7861127060869589,0.1266286736621525,0.1272595933913976,0.0006474287972659,0.0281032103648142,-0.0243626371335421,0.0243680159459919,-0.0761864346470823,0.21493487,-0.1010048
2010-05-11,ATML,0.26098973,4,1,0.8211101522603461,0.7671912251498413,19.66928938086373,0,21.671020098703057,0.7743338300843371,0.8104807220329509,0.7462306197195229,0.7861127060869589,0.129710400474707,0.132844594552535,-0.0071426049344958,0.0281032103648142,0.0106294302273952,0.0243680159459919,-0.0489844010179066,0.16462195,-0.13480635
2010-05-11,EPAY,0.0640078,4,1,0.7480423470945502,0.6908012793704873,17.499879856600323,0,19.92500256531048,0.7743338300843371,0.8104807220329509,0.7462306197195229,0.7861127060869589,0.1315970858287956,0.1355924374775663,-0.0835325507138498,0.0281032103648142,-0.0624383749384006,0.0243680159459919,-0.1984421519630566,0.21951157,0.15566677
2010-05-13,LVB,0.33114082,3,1,0.0,0.7460821731314123,18.04297184351413,0,19.305242427136037,0.7899266739291452,0.5352818097936521,0.7668385324620237,0.3741014966444326,0.1381726836246387,0.0,-0.0438445007977328,0.0230881414671214,-0.5352818097936521,0.1611803131492195,-0.763394765207726,-0.26179147,-0.0018480606
2010-05-24,DXLG,0.021391153,3,1,0.0,0.8025653078813351,18.369219014327765,4,18.988588384973493,0.7821370440687941,0.5208065387281782,0.7662329140251831,0.3609129029366179,0.1434491119315573,0.0,0.0204282638125409,0.015904130043611,-0.5208065387281782,0.1598936357915602,-0.6761760407508085,-1.0160137,1.0253564
2010-06-10,SEAC,0.020427795,1,1,0.836775825593851,0.8662314515533924,17.80571608044523,0,19.340315882119665,0.8073474868256593,0.7970249339398696,0.8662314515533924,0.836775825593851,0.1457364346639424,0.143947635848407,0.0588839647277331,-0.0588839647277331,0.0397508916539813,-0.0397508916539813,0.197269712763429,0.1531089,0.7281797
2010-06-15,LULU,1.2279447,5,1,0.7293822492616538,0.7792108170299517,18.744914104425742,4,21.54799102482037,0.8030133333475796,0.8144461042102078,0.7792108170299517,0.7293822492616538,0.1309082104463395,0.1278413958934246,-0.0238025163176279,0.0238025163176279,-0.0850638549485539,0.0850638549485539,-0.2177327425323638,0.53401613,-0.16927977
2010-07-26,SIAL,0.25603515,4,1,0.8008728206709238,0.8116406170476911,20.13267524471156,8,22.65808431736859,0.7801561377411542,0.5904730897499995,0.8116406170476911,0.8008728206709238,0.1285112653095777,0.1279218291776595,0.0314844793065368,-0.0314844793065368,0.2103997309209243,-0.2103997309209243,0.4837684204549224,-0.07866666,0.1493383
2010-08-09,BGC2,0.17007273,3,1,0.0,0.8091969577254341,20.91272850189173,0,20.99536936552145,0.7531134893234247,0.5566171220379942,0.7307444370717963,0.4923307719893137,0.1349149388318411,0.0,0.0560834684020093,0.0223690522516284,-0.5566171220379942,0.0642863500486804,-0.5871890559362937,-0.9058353,-0.73812896
2010-08-11,ASGN,1.7275476,2,1,0.8214365289092391,0.719866556645696,18.46430520788429,0,19.10581208041236,0.7874924539693241,0.8584337160992772,0.719866556645696,0.8214365289092391,0.1371992539753588,0.1441075609690952,-0.0676258973236281,0.0676258973236281,-0.036997187190038,0.036997187190038,-0.2092461690273324,-0.12915605,-0.2390004
2010-08-12,BMTC,0.2840097,3,1,0.8440582731996086,0.767977328469072,16.58478128173011,3,19.13269523829244,0.723768482574169,0.8108840010491302,0.7621181814143472,0.8570602493582741,0.1404613183988263,0.1453984860389325,0.0442088458949029,-0.0383496988401781,0.0331742721504784,-0.0461762483091439,0.1619090651947033,-0.34440053,-0.10289972
2010-08-13,LEE,-0.49584907,2,1,0.9258903277140318,0.8709328348988964,19.095689411809055,4,18.50888289234464,0.8231111226939741,0.6317932040257841,0.8709328348988964,0.9258903277140318,0.150201412566369,0.1535074429813467,0.0478217122049222,-0.0478217122049222,0.2940971236882477,-0.2940971236882477,0.6838376717863399,-0.32702154,0.12880641
2010-09-14,SEAC,0.4657573,5,1,0.0,0.7844609930115002,17.759729661608738,0,19.22076568011169,0.7988938785912373,0.2530473680328907,0.7844609930115002,0.0,0.1411615361964713,0.0,-0.014432885579737,0.014432885579737,-0.2530473680328907,0.2530473680328907,-0.5349605072252557,-0.012631646,-0.04425211
2010-11-01,RCL,-0.17344387,5,1,0.8603010082340957,0.8615507428441114,21.446291671502497,1,22.85714872764808,0.817624592363609,0.8581281132488303,0.8372439042111736,0.8347144189913518,0.1303855802116297,0.1303220719743934,0.0439261504805024,-0.0196193118475646,0.0021728949852654,0.0234136942574785,0.0423046630558539,1.4453279,0.11991372
2010-11-05,TEG,0.05916736,1,1,0.0,0.7611949438586897,20.72116362885454,10,22.143157745493504,0.771565810008722,0.5128955832388593,0.72548463472462,0.0,0.1275636830992524,0.0,-0.0103708661500323,0.046081175284102,-0.5128955832388593,0.5128955832388593,-1.0822432079118531,0.047234762,-0.2591409
2010-11-11,LUFK,0.23160395,3,1,0.0,0.7734141237481844,18.96380703866801,1,21.142799277434587,0.7906240718966159,0.4711379809025499,0.7734141237481844,0.0,0.1321659782641381,0.0,-0.0172099481484314,0.0172099481484314,-0.4711379809025499,0.4711379809025499,-0.9766958581019628,0.17806274,-0.046483442
2010-11-11,TRLG,0.21516195,3,1,0.7818737461736696,0.8139568923693251,18.345429041064858,4,20.003306066426426,0.7906240718966159,0.4711379809025499,0.8163475840735058,0.5578496468757445,0.1394794281400261,0.137469054000653,0.0233328204727092,-0.0257235121768899,0.3107357652711197,-0.0867116659731945,0.4465037638939134,-0.35064206,0.19099467
2010-12-01,BCSI,-0.047366306,2,1,0.8064838568778326,0.7808903858226763,18.61168945789377,0,20.877659309692667,0.7808903858226763,0.8064838568778326,0.7808903858226763,0.8064838568778326,0.133700771875155,0.1352454417869402,0.0,0.0,0.0,0.0,0.0,0.6546669,-0.09283465
2010-12-10,ODC,0.4298622,2,1,0.0,0.7825171583299876,17.84593862777104,8,18.835845832174265,0.7724788390432314,0.5292980664448302,0.7825171583299876,0.0,0.1428405361960809,0.0,0.0100383192867561,-0.0100383192867561,-0.5292980664448302,0.5292980664448302,-1.0385194943161482,0.25502932,0.01997528
2010-12-14,HITK,0.41026494,4,1,0.7401352480490012,0.8256062112098332,17.619725610758113,6,19.51982985051223,0.8201238727332543,0.5545555811787815,0.8256062112098332,0.7401352480490012,0.1424086953905501,0.1368100307673631,0.0054823384765789,-0.0054823384765789,0.1855796668702197,-0.1855796668702197,0.3821240106935974,1.6772267,0.5971235
2011-01-25,TEL,0.19256753,1,1,0.7490130046248512,0.8243754749231429,21.88641664675209,0,23.527192370392545,0.8009274798451881,0.7615421757758819,0.8243754749231429,0.7490130046248512,0.1260255643026094,0.1219507154193902,0.0234479950779548,-0.0234479950779548,-0.0125291711510306,0.0125291711510306,0.0218376478538482,0.32041198,0.5637551
2011-02-11,PDS,-0.28199768,1,1,0.0,0.7109058173783575,19.89209031046425,7,21.842621130412866,0.7417506474831416,0.0,0.7109058173783575,0.0,0.1255640437778318,0.0,-0.0308448301047841,0.0308448301047841,0.0,0.0,-0.0616896602095682,-0.5475854,0.60513604
2011-02-22,SRCE,0.26100755,5,1,0.9295040275960152,0.8195546691998934,17.878278450084846,3,19.94569185305961,0.78572070892583,0.6091591576240787,0.8195546691998934,0.9295040275960152,0.1400813278774298,0.146392968243964,0.0338339602740633,-0.0338339602740633,0.3203448699719364,-0.3203448699719364,0.7083576604919997,-0.3087346,-0.68563515
2011-02-28,EFX,0.51562524,5,1,0.8407291814530555,0.8082948339668868,19.95474834936169,1,22.20212823783133,0.7843662798199694,0.621386489614525,0.8082948339668868,0.8407291814530555,0.1300487830007787,0.1318208069495505,0.0239285541469174,-0.0239285541469174,0.2193426918385305,-0.2193426918385305,0.4865424919708958,0.25873452,-0.0035972935
2011-02-28,IVCRQ,-0.92290705,3,1,0.848443785902556,0.7638233568648495,19.92816787652237,6,20.680483235733167,0.7843662798199694,0.621386489614525,0.7733732731475828,0.8142672190668563,0.133448124029169,0.1385286279997087,-0.0205429229551199,0.0109930066723866,0.2270572962880309,-0.1928807294523312,0.3884020961128556,0.1771271,-0.14450318
2011-03-03,CLH,0.09824472,2,1,0.7940834385456568,0.78472719500621,19.848735858820152,1,21.619242824480576,0.792895036398401,0.5648274807771322,0.78472719500621,0.7940834385456568,0.1309557725357896,0.131504006673972,-0.0081678413921909,0.0081678413921909,0.2292559577685246,-0.2292559577685246,0.4421762327526672,0.7300259,0.13997051
2011-03-03,DAR,0.35949385,1,1,0.8024980937993987,0.7593876976386418,19.24148207996396,9,21.226700118605613,0.792895036398401,0.5648274807771322,0.7593876976386418,0.8024980937993987,0.1309679310420266,0.1335692318474096,-0.0335073387597592,0.0335073387597592,0.2376706130222665,-0.2376706130222665,0.4083265485250147,-0.084538326,-0.33959433
2011-03-04,EW,-0.21225987,4,1,0.7817991091262941,0.7802215747616307,19.78779228565548,6,23.0534719151002,0.8051149473360224,0.4083217139814719,0.7802215747616307,0.7817991091262941,0.1253450701349427,0.1254326866249432,-0.0248933725743917,0.0248933725743917,0.3734773951448222,-0.3734773951448222,0.6971680451408611,1.4004713,0.2731019
2011-03-14,LCII,0.5885524,3,1,0.8367918895771687,0.7458606252842372,18.4808629149607,4,20.05358887311266,0.7722974246182148,0.6153972194649956,0.7458606252842372,0.8367918895771687,0.1348981284799396,0.1406345903388316,-0.0264367993339775,0.0264367993339775,0.221394670112173,-0.221394670112173,0.3899157415563909,0.67987925,-0.67421067
2011-03-15,OHAI,-0.22287066,1,1,0.0,0.7453735336026299,15.626262358967484,3,19.1043548810088,0.7807309321002951,0.3512547028024036,0.7453735336026299,0.0,0.1390283278853884,0.0,-0.0353573984976651,0.0353573984976651,-0.3512547028024036,0.3512547028024036,-0.7732242026001376,0.4131364,-0.93610835
2011-05-04,D,0.30172595,5,1,0.7692562210041686,0.8320433147599746,22.12370962117072,10,24.021839729751377,0.7687547225385937,0.8020008537336705,0.8320433147599746,0.7692562210041686,0.1246820668394897,0.1214158557546743,0.0632885922213809,-0.0632885922213809,-0.0327446327295019,0.0327446327295019,0.061087918983758,0.011335731,-0.2140508
2011-05-06,KOP,-0.030338993,1,1,0.0,0.7783460257864843,19.69911145919631,8,20.558416571258903,0.7923020663415703,0.3038523848741848,0.7852799235149507,0.4686324737444645,0.134868671550364,0.0,-0.013956040555086,0.0070221428266196,-0.3038523848741848,-0.1647800888702796,-0.1600504793856108,1.0446986,0.119504094
2011-05-11,LRN,-0.13502604,1,1,0.7595795397341314,0.7414201549120571,18.6852963184724,9,20.95721092202311,0.7408233819014697,0.8075790077740475,0.7414201549120571,0.7595795397341314,0.1308998124993897,0.1320544302489797,0.0005967730105874,-0.0005967730105874,-0.047999468039916,0.047999468039916,-0.0948053900586571,0.9771626,0.13521972
2011-05-11,NRIM,0.21907023,1,1,0.8615563852980628,0.7886757724526131,16.37304789878718,3,18.65612946807595,0.7408233819014697,0.8075790077740475,0.7430205264899573,0.8542325806829677,0.1441228619859055,0.1488604578799967,0.0478523905511434,-0.0021971445884876,0.0539773775240153,-0.0466535729089202,0.1506804855725666,0.7054173,-0.21044983
2011-05-12,EFII,0.4668383,2,1,0.7750627215613797,0.7602925849597266,18.757531480362065,0,20.58146076715993,0.7517154223016794,0.4708363557000101,0.7290300963316036,0.7372082108437019,0.1336318543841023,0.1345667062849728,0.0085771626580472,0.0226853259700757,0.3042263658613696,-0.2663718551436918,0.5564900576930328,0.60909885,-0.34071094
2011-06-06,ESL,0.18736543,3,1,0.7976098771519168,0.8188299134176061,19.89149316800277,1,21.545720729452672,0.8188299134176061,0.7976098771519168,0.8188299134176061,0.7976098771519168,0.1332189517451078,0.1320002974921941,0.0,0.0,0.0,0.0,0.0,0.9852692,-0.59813637
2011-07-25,TEL,0.4454705,3,1,0.8367224096403416,0.8385612553355143,22.03940593814309,0,23.47786547753453,0.7929348936445738,0.5567939151978232,0.8042025856270749,0.4392425851700364,0.1269276561215125,0.1268341524867089,0.0456263616909404,-0.0112676919825011,0.2799284944425184,0.1175513300277867,0.2192712180881733,0.6702454,-0.4166141
2011-07-29,ABG,0.6191821,2,1,0.8574504328305397,0.8088474657991974,20.80595120356502,4,20.36076419711499,0.8166313941726064,0.5765012366723997,0.8088474657991974,0.8574504328305397,0.1375913385074121,0.1404572928422088,-0.007783928373409,0.007783928373409,0.2809491961581399,-0.2809491961581399,0.5463305355694619,2.2408955,-0.28134283
2011-08-01,AACC,0.35667497,3,1,0.8333364199480501,0.8032911933155669,17.81725391280071,3,18.813423311034693,0.8114608452596623,0.4118172181999919,0.8032911933155669,0.8333364199480501,0.144340164842473,0.1462919705040398,-0.0081696519440954,0.0081696519440954,0.4215192017480582,-0.4215192017480582,0.8266990996079254,-0.21857837,0.19209653
2011-08-08,WIRE,0.9703945,4,1,0.0,0.8045480984166297,19.55036848352153,1,19.964858130046352,0.8222047383234047,0.3998850942793465,0.8045480984166297,0.0,0.139069313132858,0.0,-0.017656639906775,0.017656639906775,-0.3998850942793465,0.3998850942793465,-0.835083468372243,0.005485008,-0.050889492
2011-08-09,BANR,0.9268193,4,1,0.8632757582734538,0.7560559070471072,17.563931694786525,3,19.31538809950334,0.8023689635727194,0.7289667444200951,0.7776781985911552,0.8550759256404665,0.1388148206421536,0.1456807893347895,-0.0463130565256121,0.0246907649815641,0.1343090138533587,-0.1261091812203714,0.1894143735665537,-0.57665193,-0.31575426
2011-08-11,CPF,0.5956569,3,1,0.744287768719214,0.7973525123900823,17.701189588052817,3,19.967310605151805,0.7920601018070784,0.5940718033393939,0.7909815644894387,0.8046122325110056,0.1386084547122972,0.1351593605647526,0.0052924105830038,0.0010785373176397,0.15021596537982,-0.2105404291716116,0.3649702678167958,-2.346921,-0.29911566
2011-08-11,HBCP,0.22860232,2,1,0.829866203997175,0.7575717021307838,15.990957719392192,3,18.549419361167736,0.7920601018070784,0.5940718033393939,0.7909815644894387,0.8046122325110056,0.1424735376359751,0.1473872385360566,-0.0344883996762945,0.0010785373176397,0.2357944006577811,-0.2105404291716116,0.4107678928354584,0.23638876,0.04175903
2011-08-16,TIBB,-0.0008543802,1,1,0.0,0.7331015709648513,15.555976732804778,3,18.789604481838506,0.7338755236196679,0.3912954168520947,0.7338755236196679,0.3912954168520947,0.1395895665868943,0.0,-0.0007739526548166,0.0,-0.3912954168520947,0.0,-0.3920693695069113,-2.1935172,0.7318377
2011-08-23,DXLG,0.3238376,4,1,0.8526345993005271,0.8203420170013664,18.430076465592727,4,19.133722168421595,0.782106959429623,0.8117174686787798,0.8203420170013664,0.8526345993005271,0.1439039608094303,0.1459218503185646,0.0382350575717433,-0.0382350575717433,0.0409171306217472,-0.0409171306217472,0.1583043763869813,2.2139914,-0.07101968
